-- MySQL dump 10.13  Distrib 5.5.29, for debian-linux-gnu (i686)
--
-- Host: localhost    Database: openvpn
-- ------------------------------------------------------
-- Server version	5.5.29-0ubuntu0.12.04.1

/*!40101 SET @OLD_CHARACTER_SET_CLIENT=@@CHARACTER_SET_CLIENT */;
/*!40101 SET @OLD_CHARACTER_SET_RESULTS=@@CHARACTER_SET_RESULTS */;
/*!40101 SET @OLD_COLLATION_CONNECTION=@@COLLATION_CONNECTION */;
/*!40101 SET NAMES utf8 */;
/*!40103 SET @OLD_TIME_ZONE=@@TIME_ZONE */;
/*!40103 SET TIME_ZONE='+00:00' */;
/*!40014 SET @OLD_UNIQUE_CHECKS=@@UNIQUE_CHECKS, UNIQUE_CHECKS=0 */;
/*!40014 SET @OLD_FOREIGN_KEY_CHECKS=@@FOREIGN_KEY_CHECKS, FOREIGN_KEY_CHECKS=0 */;
/*!40101 SET @OLD_SQL_MODE=@@SQL_MODE, SQL_MODE='NO_AUTO_VALUE_ON_ZERO' */;
/*!40111 SET @OLD_SQL_NOTES=@@SQL_NOTES, SQL_NOTES=0 */;

create database openvpn;
use openvpn;
--
-- Table structure for table `auth_group`
--

DROP TABLE IF EXISTS `auth_group`;
/*!40101 SET @saved_cs_client     = @@character_set_client */;
/*!40101 SET character_set_client = utf8 */;
CREATE TABLE `auth_group` (
  `id` int(11) NOT NULL AUTO_INCREMENT,
  `name` varchar(80) NOT NULL,
  PRIMARY KEY (`id`),
  UNIQUE KEY `name` (`name`)
) ENGINE=MyISAM DEFAULT CHARSET=utf8;
/*!40101 SET character_set_client = @saved_cs_client */;

--
-- Dumping data for table `auth_group`
--

LOCK TABLES `auth_group` WRITE;
/*!40000 ALTER TABLE `auth_group` DISABLE KEYS */;
/*!40000 ALTER TABLE `auth_group` ENABLE KEYS */;
UNLOCK TABLES;

--
-- Table structure for table `auth_group_permissions`
--

DROP TABLE IF EXISTS `auth_group_permissions`;
/*!40101 SET @saved_cs_client     = @@character_set_client */;
/*!40101 SET character_set_client = utf8 */;
CREATE TABLE `auth_group_permissions` (
  `id` int(11) NOT NULL AUTO_INCREMENT,
  `group_id` int(11) NOT NULL,
  `permission_id` int(11) NOT NULL,
  PRIMARY KEY (`id`),
  UNIQUE KEY `group_id` (`group_id`,`permission_id`),
  KEY `auth_group_permissions_425ae3c4` (`group_id`),
  KEY `auth_group_permissions_1e014c8f` (`permission_id`)
) ENGINE=MyISAM DEFAULT CHARSET=utf8;
/*!40101 SET character_set_client = @saved_cs_client */;

--
-- Dumping data for table `auth_group_permissions`
--

LOCK TABLES `auth_group_permissions` WRITE;
/*!40000 ALTER TABLE `auth_group_permissions` DISABLE KEYS */;
/*!40000 ALTER TABLE `auth_group_permissions` ENABLE KEYS */;
UNLOCK TABLES;

--
-- Table structure for table `auth_message`
--

DROP TABLE IF EXISTS `auth_message`;
/*!40101 SET @saved_cs_client     = @@character_set_client */;
/*!40101 SET character_set_client = utf8 */;
CREATE TABLE `auth_message` (
  `id` int(11) NOT NULL AUTO_INCREMENT,
  `user_id` int(11) NOT NULL,
  `message` longtext NOT NULL,
  PRIMARY KEY (`id`),
  KEY `auth_message_403f60f` (`user_id`)
) ENGINE=MyISAM DEFAULT CHARSET=utf8;
/*!40101 SET character_set_client = @saved_cs_client */;

--
-- Dumping data for table `auth_message`
--

LOCK TABLES `auth_message` WRITE;
/*!40000 ALTER TABLE `auth_message` DISABLE KEYS */;
/*!40000 ALTER TABLE `auth_message` ENABLE KEYS */;
UNLOCK TABLES;

--
-- Table structure for table `auth_permission`
--

DROP TABLE IF EXISTS `auth_permission`;
/*!40101 SET @saved_cs_client     = @@character_set_client */;
/*!40101 SET character_set_client = utf8 */;
CREATE TABLE `auth_permission` (
  `id` int(11) NOT NULL AUTO_INCREMENT,
  `name` varchar(50) NOT NULL,
  `content_type_id` int(11) NOT NULL,
  `codename` varchar(100) NOT NULL,
  PRIMARY KEY (`id`),
  UNIQUE KEY `content_type_id` (`content_type_id`,`codename`),
  KEY `auth_permission_1bb8f392` (`content_type_id`)
) ENGINE=MyISAM AUTO_INCREMENT=34 DEFAULT CHARSET=utf8;
/*!40101 SET character_set_client = @saved_cs_client */;

--
-- Dumping data for table `auth_permission`
--

LOCK TABLES `auth_permission` WRITE;
/*!40000 ALTER TABLE `auth_permission` DISABLE KEYS */;
INSERT INTO `auth_permission` VALUES (1,'Can add permission',1,'add_permission'),(2,'Can change permission',1,'change_permission'),(3,'Can delete permission',1,'delete_permission'),(4,'Can add group',2,'add_group'),(5,'Can change group',2,'change_group'),(6,'Can delete group',2,'delete_group'),(7,'Can add user',3,'add_user'),(8,'Can change user',3,'change_user'),(9,'Can delete user',3,'delete_user'),(10,'Can add message',4,'add_message'),(11,'Can change message',4,'change_message'),(12,'Can delete message',4,'delete_message'),(13,'Can add content type',5,'add_contenttype'),(14,'Can change content type',5,'change_contenttype'),(15,'Can delete content type',5,'delete_contenttype'),(16,'Can add session',6,'add_session'),(17,'Can change session',6,'change_session'),(18,'Can delete session',6,'delete_session'),(19,'Can add log entry',7,'add_logentry'),(20,'Can change log entry',7,'change_logentry'),(21,'Can delete log entry',7,'delete_logentry'),(22,'Can add user',8,'add_user'),(23,'Can change user',8,'change_user'),(24,'Can delete user',8,'delete_user'),(25,'Can add log',9,'add_log'),(26,'Can change log',9,'change_log'),(27,'Can delete log',9,'delete_log'),(28,'Can add online',10,'add_online'),(29,'Can change online',10,'change_online'),(30,'Can delete online',10,'delete_online'),(31,'Can add server',11,'add_server'),(32,'Can change server',11,'change_server'),(33,'Can delete server',11,'delete_server');
/*!40000 ALTER TABLE `auth_permission` ENABLE KEYS */;
UNLOCK TABLES;

--
-- Table structure for table `auth_user`
--

DROP TABLE IF EXISTS `auth_user`;
/*!40101 SET @saved_cs_client     = @@character_set_client */;
/*!40101 SET character_set_client = utf8 */;
CREATE TABLE `auth_user` (
  `id` int(11) NOT NULL AUTO_INCREMENT,
  `username` varchar(30) NOT NULL,
  `first_name` varchar(30) NOT NULL,
  `last_name` varchar(30) NOT NULL,
  `email` varchar(75) NOT NULL,
  `password` varchar(128) NOT NULL,
  `is_staff` tinyint(1) NOT NULL,
  `is_active` tinyint(1) NOT NULL,
  `is_superuser` tinyint(1) NOT NULL,
  `last_login` datetime NOT NULL,
  `date_joined` datetime NOT NULL,
  PRIMARY KEY (`id`),
  UNIQUE KEY `username` (`username`)
) ENGINE=MyISAM AUTO_INCREMENT=2 DEFAULT CHARSET=utf8;
/*!40101 SET character_set_client = @saved_cs_client */;

--
-- Dumping data for table `auth_user`
--

LOCK TABLES `auth_user` WRITE;
/*!40000 ALTER TABLE `auth_user` DISABLE KEYS */;
INSERT INTO `auth_user` VALUES (1,'gendo','','','jimpassgo@gmail.com','sha1$3648a$b40e939fe293891d99ac6adb1a3e7dd2d489d624',1,1,1,'2013-05-30 03:06:05','2013-05-05 10:19:18');
/*!40000 ALTER TABLE `auth_user` ENABLE KEYS */;
UNLOCK TABLES;

--
-- Table structure for table `auth_user_groups`
--

DROP TABLE IF EXISTS `auth_user_groups`;
/*!40101 SET @saved_cs_client     = @@character_set_client */;
/*!40101 SET character_set_client = utf8 */;
CREATE TABLE `auth_user_groups` (
  `id` int(11) NOT NULL AUTO_INCREMENT,
  `user_id` int(11) NOT NULL,
  `group_id` int(11) NOT NULL,
  PRIMARY KEY (`id`),
  UNIQUE KEY `user_id` (`user_id`,`group_id`),
  KEY `auth_user_groups_403f60f` (`user_id`),
  KEY `auth_user_groups_425ae3c4` (`group_id`)
) ENGINE=MyISAM DEFAULT CHARSET=utf8;
/*!40101 SET character_set_client = @saved_cs_client */;

--
-- Dumping data for table `auth_user_groups`
--

LOCK TABLES `auth_user_groups` WRITE;
/*!40000 ALTER TABLE `auth_user_groups` DISABLE KEYS */;
/*!40000 ALTER TABLE `auth_user_groups` ENABLE KEYS */;
UNLOCK TABLES;

--
-- Table structure for table `auth_user_user_permissions`
--

DROP TABLE IF EXISTS `auth_user_user_permissions`;
/*!40101 SET @saved_cs_client     = @@character_set_client */;
/*!40101 SET character_set_client = utf8 */;
CREATE TABLE `auth_user_user_permissions` (
  `id` int(11) NOT NULL AUTO_INCREMENT,
  `user_id` int(11) NOT NULL,
  `permission_id` int(11) NOT NULL,
  PRIMARY KEY (`id`),
  UNIQUE KEY `user_id` (`user_id`,`permission_id`),
  KEY `auth_user_user_permissions_403f60f` (`user_id`),
  KEY `auth_user_user_permissions_1e014c8f` (`permission_id`)
) ENGINE=MyISAM DEFAULT CHARSET=utf8;
/*!40101 SET character_set_client = @saved_cs_client */;

--
-- Dumping data for table `auth_user_user_permissions`
--

LOCK TABLES `auth_user_user_permissions` WRITE;
/*!40000 ALTER TABLE `auth_user_user_permissions` DISABLE KEYS */;
/*!40000 ALTER TABLE `auth_user_user_permissions` ENABLE KEYS */;
UNLOCK TABLES;

--
-- Table structure for table `django_admin_log`
--

DROP TABLE IF EXISTS `django_admin_log`;
/*!40101 SET @saved_cs_client     = @@character_set_client */;
/*!40101 SET character_set_client = utf8 */;
CREATE TABLE `django_admin_log` (
  `id` int(11) NOT NULL AUTO_INCREMENT,
  `action_time` datetime NOT NULL,
  `user_id` int(11) NOT NULL,
  `content_type_id` int(11) DEFAULT NULL,
  `object_id` longtext,
  `object_repr` varchar(200) NOT NULL,
  `action_flag` smallint(5) unsigned NOT NULL,
  `change_message` longtext NOT NULL,
  PRIMARY KEY (`id`),
  KEY `django_admin_log_403f60f` (`user_id`),
  KEY `django_admin_log_1bb8f392` (`content_type_id`)
) ENGINE=MyISAM DEFAULT CHARSET=utf8;
/*!40101 SET character_set_client = @saved_cs_client */;

--
-- Dumping data for table `django_admin_log`
--

LOCK TABLES `django_admin_log` WRITE;
/*!40000 ALTER TABLE `django_admin_log` DISABLE KEYS */;
/*!40000 ALTER TABLE `django_admin_log` ENABLE KEYS */;
UNLOCK TABLES;

--
-- Table structure for table `django_content_type`
--

DROP TABLE IF EXISTS `django_content_type`;
/*!40101 SET @saved_cs_client     = @@character_set_client */;
/*!40101 SET character_set_client = utf8 */;
CREATE TABLE `django_content_type` (
  `id` int(11) NOT NULL AUTO_INCREMENT,
  `name` varchar(100) NOT NULL,
  `app_label` varchar(100) NOT NULL,
  `model` varchar(100) NOT NULL,
  PRIMARY KEY (`id`),
  UNIQUE KEY `app_label` (`app_label`,`model`)
) ENGINE=MyISAM AUTO_INCREMENT=12 DEFAULT CHARSET=utf8;
/*!40101 SET character_set_client = @saved_cs_client */;

--
-- Dumping data for table `django_content_type`
--

LOCK TABLES `django_content_type` WRITE;
/*!40000 ALTER TABLE `django_content_type` DISABLE KEYS */;
INSERT INTO `django_content_type` VALUES (1,'permission','auth','permission'),(2,'group','auth','group'),(3,'user','auth','user'),(4,'message','auth','message'),(5,'content type','contenttypes','contenttype'),(6,'session','sessions','session'),(7,'log entry','admin','logentry'),(8,'user','gendo','user'),(9,'log','gendo','log'),(10,'online','gendo','online'),(11,'server','gendo','server');
/*!40000 ALTER TABLE `django_content_type` ENABLE KEYS */;
UNLOCK TABLES;

--
-- Table structure for table `django_session`
--

DROP TABLE IF EXISTS `django_session`;
/*!40101 SET @saved_cs_client     = @@character_set_client */;
/*!40101 SET character_set_client = utf8 */;
CREATE TABLE `django_session` (
  `session_key` varchar(40) NOT NULL,
  `session_data` longtext NOT NULL,
  `expire_date` datetime NOT NULL,
  PRIMARY KEY (`session_key`),
  KEY `django_session_3da3d3d8` (`expire_date`)
) ENGINE=MyISAM DEFAULT CHARSET=utf8;
/*!40101 SET character_set_client = @saved_cs_client */;

--
-- Dumping data for table `django_session`
--

LOCK TABLES `django_session` WRITE;
/*!40000 ALTER TABLE `django_session` DISABLE KEYS */;
INSERT INTO `django_session` VALUES ('464d8a9053f3db0f06a3777c69f29782','YWE5Y2JhMTcxNGEwMWIyODFmMDllNWJkYTY4NWI4MGVkYmY0OTI0YzqAAn1xAVUKdGVzdGNvb2tp\nZXECVQZ3b3JrZWRxA3Mu\n','2013-05-19 10:30:34'),('c8f0a763b17d716b80b997bc4215420e','YWE5Y2JhMTcxNGEwMWIyODFmMDllNWJkYTY4NWI4MGVkYmY0OTI0YzqAAn1xAVUKdGVzdGNvb2tp\nZXECVQZ3b3JrZWRxA3Mu\n','2013-05-19 10:29:51'),('e454dbb4405ff8171284dabb91df749d','YWE5Y2JhMTcxNGEwMWIyODFmMDllNWJkYTY4NWI4MGVkYmY0OTI0YzqAAn1xAVUKdGVzdGNvb2tp\nZXECVQZ3b3JrZWRxA3Mu\n','2013-05-19 10:29:55'),('f81fb860a4e076ffe5f1b1d1b29f404c','YWE5Y2JhMTcxNGEwMWIyODFmMDllNWJkYTY4NWI4MGVkYmY0OTI0YzqAAn1xAVUKdGVzdGNvb2tp\nZXECVQZ3b3JrZWRxA3Mu\n','2013-05-19 11:07:52'),('292fdf60e5e4ec8925cc9ce8c096a55c','YWE5Y2JhMTcxNGEwMWIyODFmMDllNWJkYTY4NWI4MGVkYmY0OTI0YzqAAn1xAVUKdGVzdGNvb2tp\nZXECVQZ3b3JrZWRxA3Mu\n','2013-05-19 10:30:41'),('6567417db835961428ebfadb5b98fdbc','YWE5Y2JhMTcxNGEwMWIyODFmMDllNWJkYTY4NWI4MGVkYmY0OTI0YzqAAn1xAVUKdGVzdGNvb2tp\nZXECVQZ3b3JrZWRxA3Mu\n','2013-05-19 10:30:44'),('c72f8da32a100b7a7ef914a142178099','YWE5Y2JhMTcxNGEwMWIyODFmMDllNWJkYTY4NWI4MGVkYmY0OTI0YzqAAn1xAVUKdGVzdGNvb2tp\nZXECVQZ3b3JrZWRxA3Mu\n','2013-05-19 10:30:47'),('d46a489017a20891db5e2cb2343a99bb','YWE5Y2JhMTcxNGEwMWIyODFmMDllNWJkYTY4NWI4MGVkYmY0OTI0YzqAAn1xAVUKdGVzdGNvb2tp\nZXECVQZ3b3JrZWRxA3Mu\n','2013-05-19 10:30:49'),('754125c5a56d0d00ae0bcd70dd61381a','YWE5Y2JhMTcxNGEwMWIyODFmMDllNWJkYTY4NWI4MGVkYmY0OTI0YzqAAn1xAVUKdGVzdGNvb2tp\nZXECVQZ3b3JrZWRxA3Mu\n','2013-05-19 10:30:52'),('7571f16e5a96419e04bd5ec84a371218','YWE5Y2JhMTcxNGEwMWIyODFmMDllNWJkYTY4NWI4MGVkYmY0OTI0YzqAAn1xAVUKdGVzdGNvb2tp\nZXECVQZ3b3JrZWRxA3Mu\n','2013-05-19 10:30:54'),('1c55782156dea087a4f63243c189fe6f','YWE5Y2JhMTcxNGEwMWIyODFmMDllNWJkYTY4NWI4MGVkYmY0OTI0YzqAAn1xAVUKdGVzdGNvb2tp\nZXECVQZ3b3JrZWRxA3Mu\n','2013-05-19 10:30:56'),('545ae03ae8c31d11211278fabf267f7a','YWE5Y2JhMTcxNGEwMWIyODFmMDllNWJkYTY4NWI4MGVkYmY0OTI0YzqAAn1xAVUKdGVzdGNvb2tp\nZXECVQZ3b3JrZWRxA3Mu\n','2013-05-19 10:30:58'),('bfc230fb3bfab7895cefb559508898a3','YWE5Y2JhMTcxNGEwMWIyODFmMDllNWJkYTY4NWI4MGVkYmY0OTI0YzqAAn1xAVUKdGVzdGNvb2tp\nZXECVQZ3b3JrZWRxA3Mu\n','2013-05-19 10:31:00'),('7ddf03582788f2a032acc9c4c7202bc2','YWE5Y2JhMTcxNGEwMWIyODFmMDllNWJkYTY4NWI4MGVkYmY0OTI0YzqAAn1xAVUKdGVzdGNvb2tp\nZXECVQZ3b3JrZWRxA3Mu\n','2013-05-19 10:40:17'),('aa66c784271834c18b89ae31f40c748d','YWE5Y2JhMTcxNGEwMWIyODFmMDllNWJkYTY4NWI4MGVkYmY0OTI0YzqAAn1xAVUKdGVzdGNvb2tp\nZXECVQZ3b3JrZWRxA3Mu\n','2013-05-19 10:40:21'),('d6b92e17ad83b433e7c13e941a64fa45','YWE5Y2JhMTcxNGEwMWIyODFmMDllNWJkYTY4NWI4MGVkYmY0OTI0YzqAAn1xAVUKdGVzdGNvb2tp\nZXECVQZ3b3JrZWRxA3Mu\n','2013-05-19 10:41:19'),('64da1f29d7cd5e77bc92a88c4a1d7c49','YWE5Y2JhMTcxNGEwMWIyODFmMDllNWJkYTY4NWI4MGVkYmY0OTI0YzqAAn1xAVUKdGVzdGNvb2tp\nZXECVQZ3b3JrZWRxA3Mu\n','2013-05-19 10:41:21'),('0e79b6463c694ad75fb04b22c5c5e251','YWE5Y2JhMTcxNGEwMWIyODFmMDllNWJkYTY4NWI4MGVkYmY0OTI0YzqAAn1xAVUKdGVzdGNvb2tp\nZXECVQZ3b3JrZWRxA3Mu\n','2013-05-19 10:41:22'),('d56e8be77c9a873f7077265d5478b94a','YWE5Y2JhMTcxNGEwMWIyODFmMDllNWJkYTY4NWI4MGVkYmY0OTI0YzqAAn1xAVUKdGVzdGNvb2tp\nZXECVQZ3b3JrZWRxA3Mu\n','2013-05-19 10:41:24'),('99ba3e56113005e365e47eb06db04935','YWE5Y2JhMTcxNGEwMWIyODFmMDllNWJkYTY4NWI4MGVkYmY0OTI0YzqAAn1xAVUKdGVzdGNvb2tp\nZXECVQZ3b3JrZWRxA3Mu\n','2013-05-19 10:41:25'),('73242b43d82948295850520226500046','YWE5Y2JhMTcxNGEwMWIyODFmMDllNWJkYTY4NWI4MGVkYmY0OTI0YzqAAn1xAVUKdGVzdGNvb2tp\nZXECVQZ3b3JrZWRxA3Mu\n','2013-05-19 10:41:28'),('3bf1d78b54f8372b8c4fe0a0dec4ffdc','YWE5Y2JhMTcxNGEwMWIyODFmMDllNWJkYTY4NWI4MGVkYmY0OTI0YzqAAn1xAVUKdGVzdGNvb2tp\nZXECVQZ3b3JrZWRxA3Mu\n','2013-05-19 10:41:31'),('237a7ff294faa124122b60287e862217','YWE5Y2JhMTcxNGEwMWIyODFmMDllNWJkYTY4NWI4MGVkYmY0OTI0YzqAAn1xAVUKdGVzdGNvb2tp\nZXECVQZ3b3JrZWRxA3Mu\n','2013-05-19 10:41:37'),('d93026257d7766535da87b37bc1cc754','YWE5Y2JhMTcxNGEwMWIyODFmMDllNWJkYTY4NWI4MGVkYmY0OTI0YzqAAn1xAVUKdGVzdGNvb2tp\nZXECVQZ3b3JrZWRxA3Mu\n','2013-05-19 10:45:21'),('fca843bb5d937cde3469039eb4698219','YWE5Y2JhMTcxNGEwMWIyODFmMDllNWJkYTY4NWI4MGVkYmY0OTI0YzqAAn1xAVUKdGVzdGNvb2tp\nZXECVQZ3b3JrZWRxA3Mu\n','2013-05-19 10:45:23'),('78124c192f5ea6319cbbb8a16576ddd9','YWE5Y2JhMTcxNGEwMWIyODFmMDllNWJkYTY4NWI4MGVkYmY0OTI0YzqAAn1xAVUKdGVzdGNvb2tp\nZXECVQZ3b3JrZWRxA3Mu\n','2013-05-19 10:45:24'),('8583244644794112ab222be798e7d813','YWE5Y2JhMTcxNGEwMWIyODFmMDllNWJkYTY4NWI4MGVkYmY0OTI0YzqAAn1xAVUKdGVzdGNvb2tp\nZXECVQZ3b3JrZWRxA3Mu\n','2013-05-19 10:45:30'),('5c154c90c779970358a0368a16a3b164','YWE5Y2JhMTcxNGEwMWIyODFmMDllNWJkYTY4NWI4MGVkYmY0OTI0YzqAAn1xAVUKdGVzdGNvb2tp\nZXECVQZ3b3JrZWRxA3Mu\n','2013-05-19 10:45:38'),('de867f1d71e683411f15b7e621e574b1','YWE5Y2JhMTcxNGEwMWIyODFmMDllNWJkYTY4NWI4MGVkYmY0OTI0YzqAAn1xAVUKdGVzdGNvb2tp\nZXECVQZ3b3JrZWRxA3Mu\n','2013-05-19 10:55:16'),('31dd7fcc2d1a0fcd2a65cab5212eaaf1','YWE5Y2JhMTcxNGEwMWIyODFmMDllNWJkYTY4NWI4MGVkYmY0OTI0YzqAAn1xAVUKdGVzdGNvb2tp\nZXECVQZ3b3JrZWRxA3Mu\n','2013-05-19 10:55:17'),('5f24d95573ed937f89ef1a20d958cd76','YWE5Y2JhMTcxNGEwMWIyODFmMDllNWJkYTY4NWI4MGVkYmY0OTI0YzqAAn1xAVUKdGVzdGNvb2tp\nZXECVQZ3b3JrZWRxA3Mu\n','2013-05-19 10:55:20'),('104259b814bb3f82e5b6694eae3f672d','YWE5Y2JhMTcxNGEwMWIyODFmMDllNWJkYTY4NWI4MGVkYmY0OTI0YzqAAn1xAVUKdGVzdGNvb2tp\nZXECVQZ3b3JrZWRxA3Mu\n','2013-05-19 10:55:21'),('e90a1dc94012609bbc8e78d0d4aab941','YWE5Y2JhMTcxNGEwMWIyODFmMDllNWJkYTY4NWI4MGVkYmY0OTI0YzqAAn1xAVUKdGVzdGNvb2tp\nZXECVQZ3b3JrZWRxA3Mu\n','2013-05-19 10:55:22'),('11df32e8b1ed6793232c56f873b20e1f','YWE5Y2JhMTcxNGEwMWIyODFmMDllNWJkYTY4NWI4MGVkYmY0OTI0YzqAAn1xAVUKdGVzdGNvb2tp\nZXECVQZ3b3JrZWRxA3Mu\n','2013-05-19 10:55:24'),('9d3cca87ed4256ecdf1a1ea4762ffe5c','YWE5Y2JhMTcxNGEwMWIyODFmMDllNWJkYTY4NWI4MGVkYmY0OTI0YzqAAn1xAVUKdGVzdGNvb2tp\nZXECVQZ3b3JrZWRxA3Mu\n','2013-05-19 10:55:55'),('3299b307614c9c4cb93e143956fdb396','YWE5Y2JhMTcxNGEwMWIyODFmMDllNWJkYTY4NWI4MGVkYmY0OTI0YzqAAn1xAVUKdGVzdGNvb2tp\nZXECVQZ3b3JrZWRxA3Mu\n','2013-05-19 10:55:57'),('4c8253e28583d8b9effb3edc42856e12','YWE5Y2JhMTcxNGEwMWIyODFmMDllNWJkYTY4NWI4MGVkYmY0OTI0YzqAAn1xAVUKdGVzdGNvb2tp\nZXECVQZ3b3JrZWRxA3Mu\n','2013-05-19 10:55:59'),('b266eaabf9f0b9897bde62a48e4e9282','YWE5Y2JhMTcxNGEwMWIyODFmMDllNWJkYTY4NWI4MGVkYmY0OTI0YzqAAn1xAVUKdGVzdGNvb2tp\nZXECVQZ3b3JrZWRxA3Mu\n','2013-05-19 10:56:00'),('22f8a3429b89e715e62908b65da3f09b','YWE5Y2JhMTcxNGEwMWIyODFmMDllNWJkYTY4NWI4MGVkYmY0OTI0YzqAAn1xAVUKdGVzdGNvb2tp\nZXECVQZ3b3JrZWRxA3Mu\n','2013-05-19 10:56:02'),('4f6c65f0d3b7b75b7c1c40b32ffa775c','YWE5Y2JhMTcxNGEwMWIyODFmMDllNWJkYTY4NWI4MGVkYmY0OTI0YzqAAn1xAVUKdGVzdGNvb2tp\nZXECVQZ3b3JrZWRxA3Mu\n','2013-05-19 10:56:05'),('b9189d210aed0e346186918376d520e3','YWE5Y2JhMTcxNGEwMWIyODFmMDllNWJkYTY4NWI4MGVkYmY0OTI0YzqAAn1xAVUKdGVzdGNvb2tp\nZXECVQZ3b3JrZWRxA3Mu\n','2013-05-19 10:56:06'),('419f9cab4042a53bee034ac37e2e698f','YWE5Y2JhMTcxNGEwMWIyODFmMDllNWJkYTY4NWI4MGVkYmY0OTI0YzqAAn1xAVUKdGVzdGNvb2tp\nZXECVQZ3b3JrZWRxA3Mu\n','2013-05-19 10:56:08'),('89178db2eaeae7a227aaef0e8bd73356','YWE5Y2JhMTcxNGEwMWIyODFmMDllNWJkYTY4NWI4MGVkYmY0OTI0YzqAAn1xAVUKdGVzdGNvb2tp\nZXECVQZ3b3JrZWRxA3Mu\n','2013-05-19 10:56:09'),('7f05125679a9456c18cc33c6e6f63706','YWE5Y2JhMTcxNGEwMWIyODFmMDllNWJkYTY4NWI4MGVkYmY0OTI0YzqAAn1xAVUKdGVzdGNvb2tp\nZXECVQZ3b3JrZWRxA3Mu\n','2013-05-19 10:56:10'),('21e6f5cedb0579e1a1c72cef5b7ce62b','YWE5Y2JhMTcxNGEwMWIyODFmMDllNWJkYTY4NWI4MGVkYmY0OTI0YzqAAn1xAVUKdGVzdGNvb2tp\nZXECVQZ3b3JrZWRxA3Mu\n','2013-05-19 11:07:44'),('403a33a98d3c0c03393d98d2179e3876','YWE5Y2JhMTcxNGEwMWIyODFmMDllNWJkYTY4NWI4MGVkYmY0OTI0YzqAAn1xAVUKdGVzdGNvb2tp\nZXECVQZ3b3JrZWRxA3Mu\n','2013-05-19 11:07:48'),('000ed473b4385309c64ad5bd352ba68e','YWE5Y2JhMTcxNGEwMWIyODFmMDllNWJkYTY4NWI4MGVkYmY0OTI0YzqAAn1xAVUKdGVzdGNvb2tp\nZXECVQZ3b3JrZWRxA3Mu\n','2013-05-19 11:08:36'),('378eefe4963c66ae4e860a07db2ceda1','YWE5Y2JhMTcxNGEwMWIyODFmMDllNWJkYTY4NWI4MGVkYmY0OTI0YzqAAn1xAVUKdGVzdGNvb2tp\nZXECVQZ3b3JrZWRxA3Mu\n','2013-05-19 11:07:54'),('a362a9fa288778948a5304527fb9aa00','ZjcxMWE2YmJkYTQxZmY1OTYxMjA2ZGRiZjY3YzUzOGFmMDI2YjkyZDqAAn1xAShVEl9hdXRoX3Vz\nZXJfYmFja2VuZHECVSlkamFuZ28uY29udHJpYi5hdXRoLmJhY2tlbmRzLk1vZGVsQmFja2VuZHED\nVQ1fYXV0aF91c2VyX2lkcQSKAQF1Lg==\n','2013-05-19 11:08:36'),('044011bffb22ce68a61ad5db69e8d6c2','YWE5Y2JhMTcxNGEwMWIyODFmMDllNWJkYTY4NWI4MGVkYmY0OTI0YzqAAn1xAVUKdGVzdGNvb2tp\nZXECVQZ3b3JrZWRxA3Mu\n','2013-05-19 11:08:44'),('e814bb4151d862a30366630504c47a9d','YWE5Y2JhMTcxNGEwMWIyODFmMDllNWJkYTY4NWI4MGVkYmY0OTI0YzqAAn1xAVUKdGVzdGNvb2tp\nZXECVQZ3b3JrZWRxA3Mu\n','2013-05-19 11:08:46'),('87e37e02d028d0327b86fabed32f4c80','YWE5Y2JhMTcxNGEwMWIyODFmMDllNWJkYTY4NWI4MGVkYmY0OTI0YzqAAn1xAVUKdGVzdGNvb2tp\nZXECVQZ3b3JrZWRxA3Mu\n','2013-05-19 11:08:47'),('0615e87977206aa81812d7072a9cf9fb','YWE5Y2JhMTcxNGEwMWIyODFmMDllNWJkYTY4NWI4MGVkYmY0OTI0YzqAAn1xAVUKdGVzdGNvb2tp\nZXECVQZ3b3JrZWRxA3Mu\n','2013-05-19 11:08:50'),('4ce6d16027d3e4b7534e9e1337778966','YWE5Y2JhMTcxNGEwMWIyODFmMDllNWJkYTY4NWI4MGVkYmY0OTI0YzqAAn1xAVUKdGVzdGNvb2tp\nZXECVQZ3b3JrZWRxA3Mu\n','2013-05-19 11:09:20'),('799b431c46dcedee795588cd4d633a81','YWE5Y2JhMTcxNGEwMWIyODFmMDllNWJkYTY4NWI4MGVkYmY0OTI0YzqAAn1xAVUKdGVzdGNvb2tp\nZXECVQZ3b3JrZWRxA3Mu\n','2013-05-19 11:09:22'),('e46b5f3ade0c23d80970bc35e6ce9ebd','YWE5Y2JhMTcxNGEwMWIyODFmMDllNWJkYTY4NWI4MGVkYmY0OTI0YzqAAn1xAVUKdGVzdGNvb2tp\nZXECVQZ3b3JrZWRxA3Mu\n','2013-05-19 11:09:44'),('4c1d6afbcd345d30adb20e7df84737b2','YWE5Y2JhMTcxNGEwMWIyODFmMDllNWJkYTY4NWI4MGVkYmY0OTI0YzqAAn1xAVUKdGVzdGNvb2tp\nZXECVQZ3b3JrZWRxA3Mu\n','2013-05-19 11:09:46'),('3760690267e8db127fd7a1b9602dd1e4','YWE5Y2JhMTcxNGEwMWIyODFmMDllNWJkYTY4NWI4MGVkYmY0OTI0YzqAAn1xAVUKdGVzdGNvb2tp\nZXECVQZ3b3JrZWRxA3Mu\n','2013-05-19 11:09:47'),('8064e4d332f35c87987044606f16ef06','YWE5Y2JhMTcxNGEwMWIyODFmMDllNWJkYTY4NWI4MGVkYmY0OTI0YzqAAn1xAVUKdGVzdGNvb2tp\nZXECVQZ3b3JrZWRxA3Mu\n','2013-05-19 11:09:49'),('3f5d33ce423cc43c4509f3128517a67a','YWE5Y2JhMTcxNGEwMWIyODFmMDllNWJkYTY4NWI4MGVkYmY0OTI0YzqAAn1xAVUKdGVzdGNvb2tp\nZXECVQZ3b3JrZWRxA3Mu\n','2013-05-19 11:09:50'),('dcad73b66873620e739d950fd20c8252','YWE5Y2JhMTcxNGEwMWIyODFmMDllNWJkYTY4NWI4MGVkYmY0OTI0YzqAAn1xAVUKdGVzdGNvb2tp\nZXECVQZ3b3JrZWRxA3Mu\n','2013-05-19 11:09:52'),('b211b58a40bda2cb1edae1ffe9582f62','YWE5Y2JhMTcxNGEwMWIyODFmMDllNWJkYTY4NWI4MGVkYmY0OTI0YzqAAn1xAVUKdGVzdGNvb2tp\nZXECVQZ3b3JrZWRxA3Mu\n','2013-05-19 11:12:28'),('ad1bbf57f3e348e6c2bcb983cabb1537','YWE5Y2JhMTcxNGEwMWIyODFmMDllNWJkYTY4NWI4MGVkYmY0OTI0YzqAAn1xAVUKdGVzdGNvb2tp\nZXECVQZ3b3JrZWRxA3Mu\n','2013-05-19 11:12:30'),('5b87093b65ecff3e9fa5d6c427e87005','YWE5Y2JhMTcxNGEwMWIyODFmMDllNWJkYTY4NWI4MGVkYmY0OTI0YzqAAn1xAVUKdGVzdGNvb2tp\nZXECVQZ3b3JrZWRxA3Mu\n','2013-05-19 11:12:44'),('7bd915893fc60654bd8986cef4012578','YWE5Y2JhMTcxNGEwMWIyODFmMDllNWJkYTY4NWI4MGVkYmY0OTI0YzqAAn1xAVUKdGVzdGNvb2tp\nZXECVQZ3b3JrZWRxA3Mu\n','2013-05-19 11:12:45'),('c217d76cc36cd28a2d0c97438aa841ac','YWE5Y2JhMTcxNGEwMWIyODFmMDllNWJkYTY4NWI4MGVkYmY0OTI0YzqAAn1xAVUKdGVzdGNvb2tp\nZXECVQZ3b3JrZWRxA3Mu\n','2013-05-19 11:12:57'),('0a29b87097d19b6d598de7d544510240','YWE5Y2JhMTcxNGEwMWIyODFmMDllNWJkYTY4NWI4MGVkYmY0OTI0YzqAAn1xAVUKdGVzdGNvb2tp\nZXECVQZ3b3JrZWRxA3Mu\n','2013-05-19 11:12:59'),('03ccd8ea78042505142685ececf9c0f3','YWE5Y2JhMTcxNGEwMWIyODFmMDllNWJkYTY4NWI4MGVkYmY0OTI0YzqAAn1xAVUKdGVzdGNvb2tp\nZXECVQZ3b3JrZWRxA3Mu\n','2013-05-19 11:13:02'),('590614614593b48c791cd18f20f32782','YWE5Y2JhMTcxNGEwMWIyODFmMDllNWJkYTY4NWI4MGVkYmY0OTI0YzqAAn1xAVUKdGVzdGNvb2tp\nZXECVQZ3b3JrZWRxA3Mu\n','2013-05-19 11:13:04'),('1e61c7baf7f147918cce4d12d0b3da00','YWE5Y2JhMTcxNGEwMWIyODFmMDllNWJkYTY4NWI4MGVkYmY0OTI0YzqAAn1xAVUKdGVzdGNvb2tp\nZXECVQZ3b3JrZWRxA3Mu\n','2013-05-19 11:13:30'),('c894f353cbc9ae8eed85f135bd7eb955','YWE5Y2JhMTcxNGEwMWIyODFmMDllNWJkYTY4NWI4MGVkYmY0OTI0YzqAAn1xAVUKdGVzdGNvb2tp\nZXECVQZ3b3JrZWRxA3Mu\n','2013-05-19 11:13:32'),('ddd05b5aa350da0b82cc4ec4a85c2534','YWE5Y2JhMTcxNGEwMWIyODFmMDllNWJkYTY4NWI4MGVkYmY0OTI0YzqAAn1xAVUKdGVzdGNvb2tp\nZXECVQZ3b3JrZWRxA3Mu\n','2013-05-19 11:13:40'),('b2285c93d1398680e7399886dae4ae6c','YWE5Y2JhMTcxNGEwMWIyODFmMDllNWJkYTY4NWI4MGVkYmY0OTI0YzqAAn1xAVUKdGVzdGNvb2tp\nZXECVQZ3b3JrZWRxA3Mu\n','2013-05-19 11:13:46'),('6704fc0db92920377f099025b54d103a','YWE5Y2JhMTcxNGEwMWIyODFmMDllNWJkYTY4NWI4MGVkYmY0OTI0YzqAAn1xAVUKdGVzdGNvb2tp\nZXECVQZ3b3JrZWRxA3Mu\n','2013-05-19 11:13:48'),('6a51ffc8d2fae5ebd4507494dd3bf655','YWE5Y2JhMTcxNGEwMWIyODFmMDllNWJkYTY4NWI4MGVkYmY0OTI0YzqAAn1xAVUKdGVzdGNvb2tp\nZXECVQZ3b3JrZWRxA3Mu\n','2013-05-20 03:58:47'),('67e3c17f52cfaf173538330a9afd47c7','YWE5Y2JhMTcxNGEwMWIyODFmMDllNWJkYTY4NWI4MGVkYmY0OTI0YzqAAn1xAVUKdGVzdGNvb2tp\nZXECVQZ3b3JrZWRxA3Mu\n','2013-05-20 03:57:17'),('8df23215ebbd749a1c4311ead256acaa','YWE5Y2JhMTcxNGEwMWIyODFmMDllNWJkYTY4NWI4MGVkYmY0OTI0YzqAAn1xAVUKdGVzdGNvb2tp\nZXECVQZ3b3JrZWRxA3Mu\n','2013-05-20 03:57:51'),('42458e70da5d4d01c49eab2cbfea5ebe','YWE5Y2JhMTcxNGEwMWIyODFmMDllNWJkYTY4NWI4MGVkYmY0OTI0YzqAAn1xAVUKdGVzdGNvb2tp\nZXECVQZ3b3JrZWRxA3Mu\n','2013-05-20 04:24:17'),('cd8f48f6e17e6c23eb0c45dd32e3a081','YWE5Y2JhMTcxNGEwMWIyODFmMDllNWJkYTY4NWI4MGVkYmY0OTI0YzqAAn1xAVUKdGVzdGNvb2tp\nZXECVQZ3b3JrZWRxA3Mu\n','2013-05-20 03:59:02'),('a89a84885cacd43751a446aa2bec52d1','YWE5Y2JhMTcxNGEwMWIyODFmMDllNWJkYTY4NWI4MGVkYmY0OTI0YzqAAn1xAVUKdGVzdGNvb2tp\nZXECVQZ3b3JrZWRxA3Mu\n','2013-05-20 03:59:15'),('f275d64debcc6188fb67d98150f3c487','YWE5Y2JhMTcxNGEwMWIyODFmMDllNWJkYTY4NWI4MGVkYmY0OTI0YzqAAn1xAVUKdGVzdGNvb2tp\nZXECVQZ3b3JrZWRxA3Mu\n','2013-05-20 03:59:35'),('bdb348ffca12245d8a55f94505983063','YWE5Y2JhMTcxNGEwMWIyODFmMDllNWJkYTY4NWI4MGVkYmY0OTI0YzqAAn1xAVUKdGVzdGNvb2tp\nZXECVQZ3b3JrZWRxA3Mu\n','2013-05-20 03:59:52'),('703c27213e24493df24e8a650d5d74d0','YWE5Y2JhMTcxNGEwMWIyODFmMDllNWJkYTY4NWI4MGVkYmY0OTI0YzqAAn1xAVUKdGVzdGNvb2tp\nZXECVQZ3b3JrZWRxA3Mu\n','2013-05-20 03:59:55'),('fab49693c2a3aa162936c53f962b829b','YWE5Y2JhMTcxNGEwMWIyODFmMDllNWJkYTY4NWI4MGVkYmY0OTI0YzqAAn1xAVUKdGVzdGNvb2tp\nZXECVQZ3b3JrZWRxA3Mu\n','2013-05-20 04:00:38'),('926b74a4006f176b56f951271f52b663','YWE5Y2JhMTcxNGEwMWIyODFmMDllNWJkYTY4NWI4MGVkYmY0OTI0YzqAAn1xAVUKdGVzdGNvb2tp\nZXECVQZ3b3JrZWRxA3Mu\n','2013-05-20 04:00:49'),('6bebd191afa19c6f0390d5eec3157560','YWE5Y2JhMTcxNGEwMWIyODFmMDllNWJkYTY4NWI4MGVkYmY0OTI0YzqAAn1xAVUKdGVzdGNvb2tp\nZXECVQZ3b3JrZWRxA3Mu\n','2013-05-20 04:00:53'),('a57a544922323e2ea60dcb64c41a55d7','YWE5Y2JhMTcxNGEwMWIyODFmMDllNWJkYTY4NWI4MGVkYmY0OTI0YzqAAn1xAVUKdGVzdGNvb2tp\nZXECVQZ3b3JrZWRxA3Mu\n','2013-05-20 04:00:55'),('5abe98826389dc66f7845cbe21703a88','YWE5Y2JhMTcxNGEwMWIyODFmMDllNWJkYTY4NWI4MGVkYmY0OTI0YzqAAn1xAVUKdGVzdGNvb2tp\nZXECVQZ3b3JrZWRxA3Mu\n','2013-05-20 04:00:59'),('ad981f9f9f65def56ce05c24224a9b96','YWE5Y2JhMTcxNGEwMWIyODFmMDllNWJkYTY4NWI4MGVkYmY0OTI0YzqAAn1xAVUKdGVzdGNvb2tp\nZXECVQZ3b3JrZWRxA3Mu\n','2013-05-20 04:01:02'),('da37c59533fcd51a0507db4281afa7bf','YWE5Y2JhMTcxNGEwMWIyODFmMDllNWJkYTY4NWI4MGVkYmY0OTI0YzqAAn1xAVUKdGVzdGNvb2tp\nZXECVQZ3b3JrZWRxA3Mu\n','2013-05-20 04:06:27'),('21bcaf7994b3aaa5e58c5d34508d4825','YWE5Y2JhMTcxNGEwMWIyODFmMDllNWJkYTY4NWI4MGVkYmY0OTI0YzqAAn1xAVUKdGVzdGNvb2tp\nZXECVQZ3b3JrZWRxA3Mu\n','2013-05-20 04:08:18'),('d1c51aa854b5b585b1a8040b3300fe45','YWE5Y2JhMTcxNGEwMWIyODFmMDllNWJkYTY4NWI4MGVkYmY0OTI0YzqAAn1xAVUKdGVzdGNvb2tp\nZXECVQZ3b3JrZWRxA3Mu\n','2013-05-20 04:08:21'),('85211fa29dcab00521aa5500e27c1367','YWE5Y2JhMTcxNGEwMWIyODFmMDllNWJkYTY4NWI4MGVkYmY0OTI0YzqAAn1xAVUKdGVzdGNvb2tp\nZXECVQZ3b3JrZWRxA3Mu\n','2013-05-20 04:08:24'),('bd97b0621dd2d9e46cbdbed90fa876ec','YWE5Y2JhMTcxNGEwMWIyODFmMDllNWJkYTY4NWI4MGVkYmY0OTI0YzqAAn1xAVUKdGVzdGNvb2tp\nZXECVQZ3b3JrZWRxA3Mu\n','2013-05-20 04:08:24'),('b7a44b3b49f10d33da3955d09d978726','YWE5Y2JhMTcxNGEwMWIyODFmMDllNWJkYTY4NWI4MGVkYmY0OTI0YzqAAn1xAVUKdGVzdGNvb2tp\nZXECVQZ3b3JrZWRxA3Mu\n','2013-05-20 04:08:26'),('269c679ecc8b22929cd0e5ac2fbeb14d','YWE5Y2JhMTcxNGEwMWIyODFmMDllNWJkYTY4NWI4MGVkYmY0OTI0YzqAAn1xAVUKdGVzdGNvb2tp\nZXECVQZ3b3JrZWRxA3Mu\n','2013-05-20 04:08:27'),('ea29117fc7abe91e116fec450d6266b0','YWE5Y2JhMTcxNGEwMWIyODFmMDllNWJkYTY4NWI4MGVkYmY0OTI0YzqAAn1xAVUKdGVzdGNvb2tp\nZXECVQZ3b3JrZWRxA3Mu\n','2013-05-20 04:08:28'),('213cf7d95e1541d68c8e4f35834e8441','YWE5Y2JhMTcxNGEwMWIyODFmMDllNWJkYTY4NWI4MGVkYmY0OTI0YzqAAn1xAVUKdGVzdGNvb2tp\nZXECVQZ3b3JrZWRxA3Mu\n','2013-05-20 04:08:32'),('5a45d0388f7128dee562b2fda31b5b2a','YWE5Y2JhMTcxNGEwMWIyODFmMDllNWJkYTY4NWI4MGVkYmY0OTI0YzqAAn1xAVUKdGVzdGNvb2tp\nZXECVQZ3b3JrZWRxA3Mu\n','2013-05-20 04:08:34'),('a2efe0668f4539ae9bf904a4ec68502e','YWE5Y2JhMTcxNGEwMWIyODFmMDllNWJkYTY4NWI4MGVkYmY0OTI0YzqAAn1xAVUKdGVzdGNvb2tp\nZXECVQZ3b3JrZWRxA3Mu\n','2013-05-20 04:08:35'),('7151dabe1d7c5ef9570cf9d91c3af417','YWE5Y2JhMTcxNGEwMWIyODFmMDllNWJkYTY4NWI4MGVkYmY0OTI0YzqAAn1xAVUKdGVzdGNvb2tp\nZXECVQZ3b3JrZWRxA3Mu\n','2013-05-20 04:08:36'),('a989a61f705f42037c47d992c8896416','YWE5Y2JhMTcxNGEwMWIyODFmMDllNWJkYTY4NWI4MGVkYmY0OTI0YzqAAn1xAVUKdGVzdGNvb2tp\nZXECVQZ3b3JrZWRxA3Mu\n','2013-05-20 04:08:38'),('20d4bdaae5974da069437f3718468033','YWE5Y2JhMTcxNGEwMWIyODFmMDllNWJkYTY4NWI4MGVkYmY0OTI0YzqAAn1xAVUKdGVzdGNvb2tp\nZXECVQZ3b3JrZWRxA3Mu\n','2013-05-20 04:08:44'),('1911d8d8fe42ea8c9afa0424aa12847f','YWE5Y2JhMTcxNGEwMWIyODFmMDllNWJkYTY4NWI4MGVkYmY0OTI0YzqAAn1xAVUKdGVzdGNvb2tp\nZXECVQZ3b3JrZWRxA3Mu\n','2013-05-20 04:09:34'),('7db366d2b98714a9d577f3906946bd5f','ZjcxMWE2YmJkYTQxZmY1OTYxMjA2ZGRiZjY3YzUzOGFmMDI2YjkyZDqAAn1xAShVEl9hdXRoX3Vz\nZXJfYmFja2VuZHECVSlkamFuZ28uY29udHJpYi5hdXRoLmJhY2tlbmRzLk1vZGVsQmFja2VuZHED\nVQ1fYXV0aF91c2VyX2lkcQSKAQF1Lg==\n','2013-05-20 04:09:12'),('48c9403352bc8bd4eb0a06a6ae7264cd','YWE5Y2JhMTcxNGEwMWIyODFmMDllNWJkYTY4NWI4MGVkYmY0OTI0YzqAAn1xAVUKdGVzdGNvb2tp\nZXECVQZ3b3JrZWRxA3Mu\n','2013-05-20 04:24:13'),('db4087f2245ad8f93e822d890884d059','YWE5Y2JhMTcxNGEwMWIyODFmMDllNWJkYTY4NWI4MGVkYmY0OTI0YzqAAn1xAVUKdGVzdGNvb2tp\nZXECVQZ3b3JrZWRxA3Mu\n','2013-05-20 04:24:23'),('8dddceddbf3fa31503dfe05981249c6c','YWE5Y2JhMTcxNGEwMWIyODFmMDllNWJkYTY4NWI4MGVkYmY0OTI0YzqAAn1xAVUKdGVzdGNvb2tp\nZXECVQZ3b3JrZWRxA3Mu\n','2013-05-20 04:24:18'),('af551d65069b032fd969b4203f5c2b27','YWE5Y2JhMTcxNGEwMWIyODFmMDllNWJkYTY4NWI4MGVkYmY0OTI0YzqAAn1xAVUKdGVzdGNvb2tp\nZXECVQZ3b3JrZWRxA3Mu\n','2013-05-20 22:47:33'),('39f3671f5f553a4cbf9dd83c003725d9','YWE5Y2JhMTcxNGEwMWIyODFmMDllNWJkYTY4NWI4MGVkYmY0OTI0YzqAAn1xAVUKdGVzdGNvb2tp\nZXECVQZ3b3JrZWRxA3Mu\n','2013-05-20 04:24:34'),('91463b261c592401a00d0300de93b67b','YWE5Y2JhMTcxNGEwMWIyODFmMDllNWJkYTY4NWI4MGVkYmY0OTI0YzqAAn1xAVUKdGVzdGNvb2tp\nZXECVQZ3b3JrZWRxA3Mu\n','2013-05-20 04:24:42'),('483af25052d9073b43999f21d8be2ab2','YWE5Y2JhMTcxNGEwMWIyODFmMDllNWJkYTY4NWI4MGVkYmY0OTI0YzqAAn1xAVUKdGVzdGNvb2tp\nZXECVQZ3b3JrZWRxA3Mu\n','2013-05-20 04:24:48'),('dd8d9717921900def37081a7ad6dc5f1','YWE5Y2JhMTcxNGEwMWIyODFmMDllNWJkYTY4NWI4MGVkYmY0OTI0YzqAAn1xAVUKdGVzdGNvb2tp\nZXECVQZ3b3JrZWRxA3Mu\n','2013-05-20 04:24:50'),('45e4f3bc98f7007f37298e7841292b3c','YWE5Y2JhMTcxNGEwMWIyODFmMDllNWJkYTY4NWI4MGVkYmY0OTI0YzqAAn1xAVUKdGVzdGNvb2tp\nZXECVQZ3b3JrZWRxA3Mu\n','2013-05-20 04:24:54'),('30426a06a777a7aab8458896bba51a62','YWE5Y2JhMTcxNGEwMWIyODFmMDllNWJkYTY4NWI4MGVkYmY0OTI0YzqAAn1xAVUKdGVzdGNvb2tp\nZXECVQZ3b3JrZWRxA3Mu\n','2013-05-20 04:25:20'),('f65acc0716668cc9243d6e6159ec17d8','YWE5Y2JhMTcxNGEwMWIyODFmMDllNWJkYTY4NWI4MGVkYmY0OTI0YzqAAn1xAVUKdGVzdGNvb2tp\nZXECVQZ3b3JrZWRxA3Mu\n','2013-05-20 04:25:27'),('1f0f04a95d00f992d3ef3d58fc77750a','YWE5Y2JhMTcxNGEwMWIyODFmMDllNWJkYTY4NWI4MGVkYmY0OTI0YzqAAn1xAVUKdGVzdGNvb2tp\nZXECVQZ3b3JrZWRxA3Mu\n','2013-05-20 04:25:31'),('9860f476ebbbec33cd168a5ae8ce74ba','YWE5Y2JhMTcxNGEwMWIyODFmMDllNWJkYTY4NWI4MGVkYmY0OTI0YzqAAn1xAVUKdGVzdGNvb2tp\nZXECVQZ3b3JrZWRxA3Mu\n','2013-05-20 04:25:33'),('b51c139e54c7ddfc48f8e6d11b903266','YWE5Y2JhMTcxNGEwMWIyODFmMDllNWJkYTY4NWI4MGVkYmY0OTI0YzqAAn1xAVUKdGVzdGNvb2tp\nZXECVQZ3b3JrZWRxA3Mu\n','2013-05-20 04:29:22'),('3490bb05e36cc2c2b4b179e6cd5df751','YWE5Y2JhMTcxNGEwMWIyODFmMDllNWJkYTY4NWI4MGVkYmY0OTI0YzqAAn1xAVUKdGVzdGNvb2tp\nZXECVQZ3b3JrZWRxA3Mu\n','2013-05-20 04:29:25'),('e383b76161f75bde3163d8bfbab93a6a','YWE5Y2JhMTcxNGEwMWIyODFmMDllNWJkYTY4NWI4MGVkYmY0OTI0YzqAAn1xAVUKdGVzdGNvb2tp\nZXECVQZ3b3JrZWRxA3Mu\n','2013-05-20 04:29:58'),('eec4c8bfdc596913eaec4789891e5a1c','YWE5Y2JhMTcxNGEwMWIyODFmMDllNWJkYTY4NWI4MGVkYmY0OTI0YzqAAn1xAVUKdGVzdGNvb2tp\nZXECVQZ3b3JrZWRxA3Mu\n','2013-05-20 04:30:02'),('8f9aee490707929869cdb91bd8c6c982','YWE5Y2JhMTcxNGEwMWIyODFmMDllNWJkYTY4NWI4MGVkYmY0OTI0YzqAAn1xAVUKdGVzdGNvb2tp\nZXECVQZ3b3JrZWRxA3Mu\n','2013-05-20 04:33:57'),('06ef8f7c662b8757904e699cb7a99e89','YWE5Y2JhMTcxNGEwMWIyODFmMDllNWJkYTY4NWI4MGVkYmY0OTI0YzqAAn1xAVUKdGVzdGNvb2tp\nZXECVQZ3b3JrZWRxA3Mu\n','2013-05-20 04:33:59'),('1f7cdb1ba34f6ee2b6fe3e727f0ec2ea','YWE5Y2JhMTcxNGEwMWIyODFmMDllNWJkYTY4NWI4MGVkYmY0OTI0YzqAAn1xAVUKdGVzdGNvb2tp\nZXECVQZ3b3JrZWRxA3Mu\n','2013-05-20 04:34:02'),('a983a74ccb03a9a7dd17203fc0890296','YWE5Y2JhMTcxNGEwMWIyODFmMDllNWJkYTY4NWI4MGVkYmY0OTI0YzqAAn1xAVUKdGVzdGNvb2tp\nZXECVQZ3b3JrZWRxA3Mu\n','2013-05-20 06:43:29'),('ed7806443902828771bc18889681a8ce','YWE5Y2JhMTcxNGEwMWIyODFmMDllNWJkYTY4NWI4MGVkYmY0OTI0YzqAAn1xAVUKdGVzdGNvb2tp\nZXECVQZ3b3JrZWRxA3Mu\n','2013-05-20 06:43:32'),('59197b6c3e14a546606f5c271989d3cf','YWE5Y2JhMTcxNGEwMWIyODFmMDllNWJkYTY4NWI4MGVkYmY0OTI0YzqAAn1xAVUKdGVzdGNvb2tp\nZXECVQZ3b3JrZWRxA3Mu\n','2013-05-20 06:43:33'),('a5382178ce79401b0b0807fbdd93aa11','YWE5Y2JhMTcxNGEwMWIyODFmMDllNWJkYTY4NWI4MGVkYmY0OTI0YzqAAn1xAVUKdGVzdGNvb2tp\nZXECVQZ3b3JrZWRxA3Mu\n','2013-05-20 06:43:34'),('2fe75234b725264eafc0415b5450ae6a','YWE5Y2JhMTcxNGEwMWIyODFmMDllNWJkYTY4NWI4MGVkYmY0OTI0YzqAAn1xAVUKdGVzdGNvb2tp\nZXECVQZ3b3JrZWRxA3Mu\n','2013-05-20 06:43:53'),('fa705c97bd696278d6c6009538a8413e','YWE5Y2JhMTcxNGEwMWIyODFmMDllNWJkYTY4NWI4MGVkYmY0OTI0YzqAAn1xAVUKdGVzdGNvb2tp\nZXECVQZ3b3JrZWRxA3Mu\n','2013-05-20 06:43:55'),('7d24fc4ec22561912da0d096f3ecb7d7','YWE5Y2JhMTcxNGEwMWIyODFmMDllNWJkYTY4NWI4MGVkYmY0OTI0YzqAAn1xAVUKdGVzdGNvb2tp\nZXECVQZ3b3JrZWRxA3Mu\n','2013-05-20 06:43:57'),('7f64f5b02e90fabb9eb112ef98573363','YWE5Y2JhMTcxNGEwMWIyODFmMDllNWJkYTY4NWI4MGVkYmY0OTI0YzqAAn1xAVUKdGVzdGNvb2tp\nZXECVQZ3b3JrZWRxA3Mu\n','2013-05-20 07:01:58'),('db67781b2fc426da539eb7c384fc23b8','YWE5Y2JhMTcxNGEwMWIyODFmMDllNWJkYTY4NWI4MGVkYmY0OTI0YzqAAn1xAVUKdGVzdGNvb2tp\nZXECVQZ3b3JrZWRxA3Mu\n','2013-05-20 07:02:00'),('5350c3f438ce66a3a8b5b71375c161ad','YWE5Y2JhMTcxNGEwMWIyODFmMDllNWJkYTY4NWI4MGVkYmY0OTI0YzqAAn1xAVUKdGVzdGNvb2tp\nZXECVQZ3b3JrZWRxA3Mu\n','2013-05-20 07:02:03'),('9db5c709dea087d312dbcbd2c360629f','YWE5Y2JhMTcxNGEwMWIyODFmMDllNWJkYTY4NWI4MGVkYmY0OTI0YzqAAn1xAVUKdGVzdGNvb2tp\nZXECVQZ3b3JrZWRxA3Mu\n','2013-05-20 07:04:39'),('161998b7706e7b5cc6cdb4c2a62d8b74','YWE5Y2JhMTcxNGEwMWIyODFmMDllNWJkYTY4NWI4MGVkYmY0OTI0YzqAAn1xAVUKdGVzdGNvb2tp\nZXECVQZ3b3JrZWRxA3Mu\n','2013-05-20 07:04:42'),('98476e441825562134222331ef140cd8','YWE5Y2JhMTcxNGEwMWIyODFmMDllNWJkYTY4NWI4MGVkYmY0OTI0YzqAAn1xAVUKdGVzdGNvb2tp\nZXECVQZ3b3JrZWRxA3Mu\n','2013-05-20 07:04:44'),('6685be70b3ff32e09d7bf6b5e010c3d3','YWE5Y2JhMTcxNGEwMWIyODFmMDllNWJkYTY4NWI4MGVkYmY0OTI0YzqAAn1xAVUKdGVzdGNvb2tp\nZXECVQZ3b3JrZWRxA3Mu\n','2013-05-20 07:04:58'),('423eb5b5780fe653f407912873b25613','YWE5Y2JhMTcxNGEwMWIyODFmMDllNWJkYTY4NWI4MGVkYmY0OTI0YzqAAn1xAVUKdGVzdGNvb2tp\nZXECVQZ3b3JrZWRxA3Mu\n','2013-05-20 07:05:00'),('e1f3653671f0c48418b7d213bcd0dab1','YWE5Y2JhMTcxNGEwMWIyODFmMDllNWJkYTY4NWI4MGVkYmY0OTI0YzqAAn1xAVUKdGVzdGNvb2tp\nZXECVQZ3b3JrZWRxA3Mu\n','2013-05-20 07:05:04'),('45ce0bcdca65763e760d81f33f0d006c','YWE5Y2JhMTcxNGEwMWIyODFmMDllNWJkYTY4NWI4MGVkYmY0OTI0YzqAAn1xAVUKdGVzdGNvb2tp\nZXECVQZ3b3JrZWRxA3Mu\n','2013-05-20 07:05:06'),('c2bc6511cf8ab5991ebaebb23873f45e','YWE5Y2JhMTcxNGEwMWIyODFmMDllNWJkYTY4NWI4MGVkYmY0OTI0YzqAAn1xAVUKdGVzdGNvb2tp\nZXECVQZ3b3JrZWRxA3Mu\n','2013-05-20 07:06:33'),('9293969e5ca211638e70fc9788de333f','YWE5Y2JhMTcxNGEwMWIyODFmMDllNWJkYTY4NWI4MGVkYmY0OTI0YzqAAn1xAVUKdGVzdGNvb2tp\nZXECVQZ3b3JrZWRxA3Mu\n','2013-05-20 07:06:36'),('78996b6aa73f9472224244b3c01fed3b','YWE5Y2JhMTcxNGEwMWIyODFmMDllNWJkYTY4NWI4MGVkYmY0OTI0YzqAAn1xAVUKdGVzdGNvb2tp\nZXECVQZ3b3JrZWRxA3Mu\n','2013-05-20 07:06:37'),('cf80ab14a34a3186bfffcd406f4ba843','YWE5Y2JhMTcxNGEwMWIyODFmMDllNWJkYTY4NWI4MGVkYmY0OTI0YzqAAn1xAVUKdGVzdGNvb2tp\nZXECVQZ3b3JrZWRxA3Mu\n','2013-05-20 07:06:38'),('4f4d985de25b2167365bb3c95f0fca9a','YWE5Y2JhMTcxNGEwMWIyODFmMDllNWJkYTY4NWI4MGVkYmY0OTI0YzqAAn1xAVUKdGVzdGNvb2tp\nZXECVQZ3b3JrZWRxA3Mu\n','2013-05-20 07:16:24'),('f9063056ddb5fce2c0bece2f2907ab77','YWE5Y2JhMTcxNGEwMWIyODFmMDllNWJkYTY4NWI4MGVkYmY0OTI0YzqAAn1xAVUKdGVzdGNvb2tp\nZXECVQZ3b3JrZWRxA3Mu\n','2013-05-20 07:16:26'),('053b0a000f3168d4139edd2c94dc05b5','YWE5Y2JhMTcxNGEwMWIyODFmMDllNWJkYTY4NWI4MGVkYmY0OTI0YzqAAn1xAVUKdGVzdGNvb2tp\nZXECVQZ3b3JrZWRxA3Mu\n','2013-05-20 07:16:28'),('3121d38032e37f22732fdd35f8cdc359','YWE5Y2JhMTcxNGEwMWIyODFmMDllNWJkYTY4NWI4MGVkYmY0OTI0YzqAAn1xAVUKdGVzdGNvb2tp\nZXECVQZ3b3JrZWRxA3Mu\n','2013-05-20 07:16:29'),('efdec5455f2dd22ffd4b2170093aeb87','YWE5Y2JhMTcxNGEwMWIyODFmMDllNWJkYTY4NWI4MGVkYmY0OTI0YzqAAn1xAVUKdGVzdGNvb2tp\nZXECVQZ3b3JrZWRxA3Mu\n','2013-05-20 07:16:31'),('63d58524d444937aa9123c52068fe277','YWE5Y2JhMTcxNGEwMWIyODFmMDllNWJkYTY4NWI4MGVkYmY0OTI0YzqAAn1xAVUKdGVzdGNvb2tp\nZXECVQZ3b3JrZWRxA3Mu\n','2013-05-20 07:16:32'),('0a6582a9f667df65cfcd362d4a347f76','YWE5Y2JhMTcxNGEwMWIyODFmMDllNWJkYTY4NWI4MGVkYmY0OTI0YzqAAn1xAVUKdGVzdGNvb2tp\nZXECVQZ3b3JrZWRxA3Mu\n','2013-05-20 07:16:36'),('db3ccb8f283bd4cd8719f69b1b387a9f','YWE5Y2JhMTcxNGEwMWIyODFmMDllNWJkYTY4NWI4MGVkYmY0OTI0YzqAAn1xAVUKdGVzdGNvb2tp\nZXECVQZ3b3JrZWRxA3Mu\n','2013-05-20 07:16:38'),('53ff6e79d62572d44a70b2a24e938d65','YWE5Y2JhMTcxNGEwMWIyODFmMDllNWJkYTY4NWI4MGVkYmY0OTI0YzqAAn1xAVUKdGVzdGNvb2tp\nZXECVQZ3b3JrZWRxA3Mu\n','2013-05-20 07:22:20'),('59a0f01b1de015512b9651da86913a34','YWE5Y2JhMTcxNGEwMWIyODFmMDllNWJkYTY4NWI4MGVkYmY0OTI0YzqAAn1xAVUKdGVzdGNvb2tp\nZXECVQZ3b3JrZWRxA3Mu\n','2013-05-20 07:22:22'),('e9b16d1bfd654b66f0e4b5824a10cf0e','YWE5Y2JhMTcxNGEwMWIyODFmMDllNWJkYTY4NWI4MGVkYmY0OTI0YzqAAn1xAVUKdGVzdGNvb2tp\nZXECVQZ3b3JrZWRxA3Mu\n','2013-05-20 07:22:24'),('ebf7ce2707ed01aa14dbe1401a603c2a','YWE5Y2JhMTcxNGEwMWIyODFmMDllNWJkYTY4NWI4MGVkYmY0OTI0YzqAAn1xAVUKdGVzdGNvb2tp\nZXECVQZ3b3JrZWRxA3Mu\n','2013-05-20 07:22:26'),('6616df4f7e3de844fc7b7fdcd5d0f849','YWE5Y2JhMTcxNGEwMWIyODFmMDllNWJkYTY4NWI4MGVkYmY0OTI0YzqAAn1xAVUKdGVzdGNvb2tp\nZXECVQZ3b3JrZWRxA3Mu\n','2013-05-20 22:47:20'),('e6edba1e07e1651a893a9c9a76b7ff57','YWE5Y2JhMTcxNGEwMWIyODFmMDllNWJkYTY4NWI4MGVkYmY0OTI0YzqAAn1xAVUKdGVzdGNvb2tp\nZXECVQZ3b3JrZWRxA3Mu\n','2013-05-20 22:47:23'),('73f4fcf0c428a03ba4c7a6d0588f2c82','YWE5Y2JhMTcxNGEwMWIyODFmMDllNWJkYTY4NWI4MGVkYmY0OTI0YzqAAn1xAVUKdGVzdGNvb2tp\nZXECVQZ3b3JrZWRxA3Mu\n','2013-05-20 22:47:25'),('2d597031db12c663978624605bea09e1','YWE5Y2JhMTcxNGEwMWIyODFmMDllNWJkYTY4NWI4MGVkYmY0OTI0YzqAAn1xAVUKdGVzdGNvb2tp\nZXECVQZ3b3JrZWRxA3Mu\n','2013-05-20 22:47:30'),('9f41587dc0960b7ce6bd67dd5987bf5e','YWE5Y2JhMTcxNGEwMWIyODFmMDllNWJkYTY4NWI4MGVkYmY0OTI0YzqAAn1xAVUKdGVzdGNvb2tp\nZXECVQZ3b3JrZWRxA3Mu\n','2013-05-20 22:47:37'),('9894162a99c95e34b86ee59ce9ba7967','YWE5Y2JhMTcxNGEwMWIyODFmMDllNWJkYTY4NWI4MGVkYmY0OTI0YzqAAn1xAVUKdGVzdGNvb2tp\nZXECVQZ3b3JrZWRxA3Mu\n','2013-05-20 22:47:35'),('8190960cf40da2fb924d54d041c340d8','ZjcxMWE2YmJkYTQxZmY1OTYxMjA2ZGRiZjY3YzUzOGFmMDI2YjkyZDqAAn1xAShVEl9hdXRoX3Vz\nZXJfYmFja2VuZHECVSlkamFuZ28uY29udHJpYi5hdXRoLmJhY2tlbmRzLk1vZGVsQmFja2VuZHED\nVQ1fYXV0aF91c2VyX2lkcQSKAQF1Lg==\n','2013-05-20 22:47:36'),('d4e7cc9781c7431ce40871a0907bdb69','YWE5Y2JhMTcxNGEwMWIyODFmMDllNWJkYTY4NWI4MGVkYmY0OTI0YzqAAn1xAVUKdGVzdGNvb2tp\nZXECVQZ3b3JrZWRxA3Mu\n','2013-05-20 22:47:40'),('a92bb05cd858464d6e8447820bc6f522','YWE5Y2JhMTcxNGEwMWIyODFmMDllNWJkYTY4NWI4MGVkYmY0OTI0YzqAAn1xAVUKdGVzdGNvb2tp\nZXECVQZ3b3JrZWRxA3Mu\n','2013-05-20 22:47:42'),('71eb1ba29aa6d2603157d2486720a5f4','YWE5Y2JhMTcxNGEwMWIyODFmMDllNWJkYTY4NWI4MGVkYmY0OTI0YzqAAn1xAVUKdGVzdGNvb2tp\nZXECVQZ3b3JrZWRxA3Mu\n','2013-05-20 22:47:45'),('38c79c43c51be35c44fafd44e40fa2fd','YWE5Y2JhMTcxNGEwMWIyODFmMDllNWJkYTY4NWI4MGVkYmY0OTI0YzqAAn1xAVUKdGVzdGNvb2tp\nZXECVQZ3b3JrZWRxA3Mu\n','2013-05-20 22:47:46'),('6d3a77f69402bd8707e2b7a5e85c98df','YWE5Y2JhMTcxNGEwMWIyODFmMDllNWJkYTY4NWI4MGVkYmY0OTI0YzqAAn1xAVUKdGVzdGNvb2tp\nZXECVQZ3b3JrZWRxA3Mu\n','2013-05-20 22:47:49'),('5ae4cad326e5d8525c935c35841f9e76','YWE5Y2JhMTcxNGEwMWIyODFmMDllNWJkYTY4NWI4MGVkYmY0OTI0YzqAAn1xAVUKdGVzdGNvb2tp\nZXECVQZ3b3JrZWRxA3Mu\n','2013-05-20 23:21:24'),('4e99c7a8a1178110915a7a7c006a4a4e','YWE5Y2JhMTcxNGEwMWIyODFmMDllNWJkYTY4NWI4MGVkYmY0OTI0YzqAAn1xAVUKdGVzdGNvb2tp\nZXECVQZ3b3JrZWRxA3Mu\n','2013-05-20 23:21:25'),('f1ed5d54647ae1f027fa75f9c0c54345','YWE5Y2JhMTcxNGEwMWIyODFmMDllNWJkYTY4NWI4MGVkYmY0OTI0YzqAAn1xAVUKdGVzdGNvb2tp\nZXECVQZ3b3JrZWRxA3Mu\n','2013-05-20 23:21:29'),('a0bb377ed15303d3389f84ae8ca5ad21','YWE5Y2JhMTcxNGEwMWIyODFmMDllNWJkYTY4NWI4MGVkYmY0OTI0YzqAAn1xAVUKdGVzdGNvb2tp\nZXECVQZ3b3JrZWRxA3Mu\n','2013-05-20 23:21:34'),('81147b0b6d0e32fcfc345c8b81b423ba','YWE5Y2JhMTcxNGEwMWIyODFmMDllNWJkYTY4NWI4MGVkYmY0OTI0YzqAAn1xAVUKdGVzdGNvb2tp\nZXECVQZ3b3JrZWRxA3Mu\n','2013-05-20 23:21:40'),('e72232efb05e469309df4dae6dfbaf10','YWE5Y2JhMTcxNGEwMWIyODFmMDllNWJkYTY4NWI4MGVkYmY0OTI0YzqAAn1xAVUKdGVzdGNvb2tp\nZXECVQZ3b3JrZWRxA3Mu\n','2013-05-20 23:21:42'),('bd469d8d234fe00f7bbdba83256e18d3','YWE5Y2JhMTcxNGEwMWIyODFmMDllNWJkYTY4NWI4MGVkYmY0OTI0YzqAAn1xAVUKdGVzdGNvb2tp\nZXECVQZ3b3JrZWRxA3Mu\n','2013-05-20 23:21:46'),('be018f374b08d5926fe6c46bdcca5fd1','YWE5Y2JhMTcxNGEwMWIyODFmMDllNWJkYTY4NWI4MGVkYmY0OTI0YzqAAn1xAVUKdGVzdGNvb2tp\nZXECVQZ3b3JrZWRxA3Mu\n','2013-05-20 23:21:47'),('b8b18fc371d0f99cbf2680c4f9842d92','YWE5Y2JhMTcxNGEwMWIyODFmMDllNWJkYTY4NWI4MGVkYmY0OTI0YzqAAn1xAVUKdGVzdGNvb2tp\nZXECVQZ3b3JrZWRxA3Mu\n','2013-05-20 23:22:06'),('98d33e1a29b554b22b27f51571c3e43b','YWE5Y2JhMTcxNGEwMWIyODFmMDllNWJkYTY4NWI4MGVkYmY0OTI0YzqAAn1xAVUKdGVzdGNvb2tp\nZXECVQZ3b3JrZWRxA3Mu\n','2013-05-20 23:57:51'),('cf390193fdf8ee2f1d21908d96b7ee7c','YWE5Y2JhMTcxNGEwMWIyODFmMDllNWJkYTY4NWI4MGVkYmY0OTI0YzqAAn1xAVUKdGVzdGNvb2tp\nZXECVQZ3b3JrZWRxA3Mu\n','2013-05-21 00:15:39'),('a35f18ab7353d818ee72a7c71dcbea78','YWE5Y2JhMTcxNGEwMWIyODFmMDllNWJkYTY4NWI4MGVkYmY0OTI0YzqAAn1xAVUKdGVzdGNvb2tp\nZXECVQZ3b3JrZWRxA3Mu\n','2013-05-21 00:57:52'),('e13c6cb2016d1ddf8fd076b87a9d164c','YWE5Y2JhMTcxNGEwMWIyODFmMDllNWJkYTY4NWI4MGVkYmY0OTI0YzqAAn1xAVUKdGVzdGNvb2tp\nZXECVQZ3b3JrZWRxA3Mu\n','2013-05-21 00:57:56'),('bbba4cba84a8e68474c5f20961b6a9d4','YWE5Y2JhMTcxNGEwMWIyODFmMDllNWJkYTY4NWI4MGVkYmY0OTI0YzqAAn1xAVUKdGVzdGNvb2tp\nZXECVQZ3b3JrZWRxA3Mu\n','2013-05-21 00:58:00'),('57bd412720c90e5e38a8db9c8662ad26','YWE5Y2JhMTcxNGEwMWIyODFmMDllNWJkYTY4NWI4MGVkYmY0OTI0YzqAAn1xAVUKdGVzdGNvb2tp\nZXECVQZ3b3JrZWRxA3Mu\n','2013-05-21 01:05:52'),('8278d8482bc8c4c91b09bb4ba99054b3','YWE5Y2JhMTcxNGEwMWIyODFmMDllNWJkYTY4NWI4MGVkYmY0OTI0YzqAAn1xAVUKdGVzdGNvb2tp\nZXECVQZ3b3JrZWRxA3Mu\n','2013-05-21 01:05:54'),('77122b876e0d480abbdbd5cea62fa167','YWE5Y2JhMTcxNGEwMWIyODFmMDllNWJkYTY4NWI4MGVkYmY0OTI0YzqAAn1xAVUKdGVzdGNvb2tp\nZXECVQZ3b3JrZWRxA3Mu\n','2013-05-21 01:05:58'),('7687719b318b5bfe4df00ac7ffeaeb0d','YWE5Y2JhMTcxNGEwMWIyODFmMDllNWJkYTY4NWI4MGVkYmY0OTI0YzqAAn1xAVUKdGVzdGNvb2tp\nZXECVQZ3b3JrZWRxA3Mu\n','2013-05-21 01:06:10'),('981ad63b51c793c5bec0ddea915cb5ea','YWE5Y2JhMTcxNGEwMWIyODFmMDllNWJkYTY4NWI4MGVkYmY0OTI0YzqAAn1xAVUKdGVzdGNvb2tp\nZXECVQZ3b3JrZWRxA3Mu\n','2013-05-21 01:17:01'),('bdc1c4fcce3c221805e659dbc4fff355','YWE5Y2JhMTcxNGEwMWIyODFmMDllNWJkYTY4NWI4MGVkYmY0OTI0YzqAAn1xAVUKdGVzdGNvb2tp\nZXECVQZ3b3JrZWRxA3Mu\n','2013-05-21 01:17:04'),('97a5c20cef5be7f27e2f90af78402c14','YWE5Y2JhMTcxNGEwMWIyODFmMDllNWJkYTY4NWI4MGVkYmY0OTI0YzqAAn1xAVUKdGVzdGNvb2tp\nZXECVQZ3b3JrZWRxA3Mu\n','2013-05-21 01:19:30'),('a53ce128b15ab96a72601481d9b2838a','YWE5Y2JhMTcxNGEwMWIyODFmMDllNWJkYTY4NWI4MGVkYmY0OTI0YzqAAn1xAVUKdGVzdGNvb2tp\nZXECVQZ3b3JrZWRxA3Mu\n','2013-05-21 01:19:36'),('ae6212c0c1282154fcea761ea2fabc64','YWE5Y2JhMTcxNGEwMWIyODFmMDllNWJkYTY4NWI4MGVkYmY0OTI0YzqAAn1xAVUKdGVzdGNvb2tp\nZXECVQZ3b3JrZWRxA3Mu\n','2013-05-21 01:19:39'),('3b25dd16da037f4b432cb8077ca2c748','YWE5Y2JhMTcxNGEwMWIyODFmMDllNWJkYTY4NWI4MGVkYmY0OTI0YzqAAn1xAVUKdGVzdGNvb2tp\nZXECVQZ3b3JrZWRxA3Mu\n','2013-05-21 01:40:59'),('26f819eaadf561be56d00ecbcba1e04e','YWE5Y2JhMTcxNGEwMWIyODFmMDllNWJkYTY4NWI4MGVkYmY0OTI0YzqAAn1xAVUKdGVzdGNvb2tp\nZXECVQZ3b3JrZWRxA3Mu\n','2013-05-21 01:41:02'),('6d9297052f665b4c39e33ab44b7948a9','YWE5Y2JhMTcxNGEwMWIyODFmMDllNWJkYTY4NWI4MGVkYmY0OTI0YzqAAn1xAVUKdGVzdGNvb2tp\nZXECVQZ3b3JrZWRxA3Mu\n','2013-05-21 01:41:03'),('eb594dd778501e799aac712888e245aa','YWE5Y2JhMTcxNGEwMWIyODFmMDllNWJkYTY4NWI4MGVkYmY0OTI0YzqAAn1xAVUKdGVzdGNvb2tp\nZXECVQZ3b3JrZWRxA3Mu\n','2013-05-21 01:41:05'),('eab93cba3500faf9dd8b155072f308d3','YWE5Y2JhMTcxNGEwMWIyODFmMDllNWJkYTY4NWI4MGVkYmY0OTI0YzqAAn1xAVUKdGVzdGNvb2tp\nZXECVQZ3b3JrZWRxA3Mu\n','2013-05-21 01:54:15'),('cf8db2c04af018ec0d6d1080e081a5e4','YWE5Y2JhMTcxNGEwMWIyODFmMDllNWJkYTY4NWI4MGVkYmY0OTI0YzqAAn1xAVUKdGVzdGNvb2tp\nZXECVQZ3b3JrZWRxA3Mu\n','2013-05-21 02:36:07'),('7dae687d46124c1b2dc71bbc6684902b','YWE5Y2JhMTcxNGEwMWIyODFmMDllNWJkYTY4NWI4MGVkYmY0OTI0YzqAAn1xAVUKdGVzdGNvb2tp\nZXECVQZ3b3JrZWRxA3Mu\n','2013-05-21 03:06:39'),('1f4a8183f0355e9ef69ba776b582d44c','YWE5Y2JhMTcxNGEwMWIyODFmMDllNWJkYTY4NWI4MGVkYmY0OTI0YzqAAn1xAVUKdGVzdGNvb2tp\nZXECVQZ3b3JrZWRxA3Mu\n','2013-05-21 03:19:11'),('718353eb082beac5913aab0de3b14b21','YWE5Y2JhMTcxNGEwMWIyODFmMDllNWJkYTY4NWI4MGVkYmY0OTI0YzqAAn1xAVUKdGVzdGNvb2tp\nZXECVQZ3b3JrZWRxA3Mu\n','2013-05-21 03:19:14'),('d48a7c2a36f6b98e42c882bbd9c7c689','YWE5Y2JhMTcxNGEwMWIyODFmMDllNWJkYTY4NWI4MGVkYmY0OTI0YzqAAn1xAVUKdGVzdGNvb2tp\nZXECVQZ3b3JrZWRxA3Mu\n','2013-06-12 05:56:51'),('a9bee2095d3dc383a1f016b1dc012ee0','YWE5Y2JhMTcxNGEwMWIyODFmMDllNWJkYTY4NWI4MGVkYmY0OTI0YzqAAn1xAVUKdGVzdGNvb2tp\nZXECVQZ3b3JrZWRxA3Mu\n','2013-06-12 05:56:41'),('3e53c384bc5eb8b20fd4a76c8ca6e4ac','YWE5Y2JhMTcxNGEwMWIyODFmMDllNWJkYTY4NWI4MGVkYmY0OTI0YzqAAn1xAVUKdGVzdGNvb2tp\nZXECVQZ3b3JrZWRxA3Mu\n','2013-06-12 05:57:02'),('c8d24748575099c745b105fbf8b350ea','ZjcxMWE2YmJkYTQxZmY1OTYxMjA2ZGRiZjY3YzUzOGFmMDI2YjkyZDqAAn1xAShVEl9hdXRoX3Vz\nZXJfYmFja2VuZHECVSlkamFuZ28uY29udHJpYi5hdXRoLmJhY2tlbmRzLk1vZGVsQmFja2VuZHED\nVQ1fYXV0aF91c2VyX2lkcQSKAQF1Lg==\n','2013-06-11 08:35:33'),('da41dd9768bfc8b08346ddd5a79ab936','YWE5Y2JhMTcxNGEwMWIyODFmMDllNWJkYTY4NWI4MGVkYmY0OTI0YzqAAn1xAVUKdGVzdGNvb2tp\nZXECVQZ3b3JrZWRxA3Mu\n','2013-06-12 05:56:55'),('b25dda695570efbdbadd7b307c1e4e20','YWE5Y2JhMTcxNGEwMWIyODFmMDllNWJkYTY4NWI4MGVkYmY0OTI0YzqAAn1xAVUKdGVzdGNvb2tp\nZXECVQZ3b3JrZWRxA3Mu\n','2013-06-12 05:57:06'),('c6a2718c2dc9898df9b8ec5cf4983ca0','YWE5Y2JhMTcxNGEwMWIyODFmMDllNWJkYTY4NWI4MGVkYmY0OTI0YzqAAn1xAVUKdGVzdGNvb2tp\nZXECVQZ3b3JrZWRxA3Mu\n','2013-06-12 05:57:04'),('11bfbb982fe0c24bcf141023629e3a80','YWE5Y2JhMTcxNGEwMWIyODFmMDllNWJkYTY4NWI4MGVkYmY0OTI0YzqAAn1xAVUKdGVzdGNvb2tp\nZXECVQZ3b3JrZWRxA3Mu\n','2013-06-13 03:05:59'),('6f47e73e77b6f725617121a87fdfa245','YWE5Y2JhMTcxNGEwMWIyODFmMDllNWJkYTY4NWI4MGVkYmY0OTI0YzqAAn1xAVUKdGVzdGNvb2tp\nZXECVQZ3b3JrZWRxA3Mu\n','2013-06-12 05:57:10'),('3a23a40a7356c1094e25efddd6f3d938','YWE5Y2JhMTcxNGEwMWIyODFmMDllNWJkYTY4NWI4MGVkYmY0OTI0YzqAAn1xAVUKdGVzdGNvb2tp\nZXECVQZ3b3JrZWRxA3Mu\n','2013-06-12 05:57:19'),('2459813aa4659b772c40bcead76d3b59','YWE5Y2JhMTcxNGEwMWIyODFmMDllNWJkYTY4NWI4MGVkYmY0OTI0YzqAAn1xAVUKdGVzdGNvb2tp\nZXECVQZ3b3JrZWRxA3Mu\n','2013-06-12 05:57:22'),('da8e128ab63169f84e5043d7eb19deb8','YWE5Y2JhMTcxNGEwMWIyODFmMDllNWJkYTY4NWI4MGVkYmY0OTI0YzqAAn1xAVUKdGVzdGNvb2tp\nZXECVQZ3b3JrZWRxA3Mu\n','2013-06-12 05:57:23'),('f771893f3073cb3bd420b0a7b59690ff','YWE5Y2JhMTcxNGEwMWIyODFmMDllNWJkYTY4NWI4MGVkYmY0OTI0YzqAAn1xAVUKdGVzdGNvb2tp\nZXECVQZ3b3JrZWRxA3Mu\n','2013-06-12 05:57:25'),('858c9d60a45ecf7f413e2926fe447746','YWE5Y2JhMTcxNGEwMWIyODFmMDllNWJkYTY4NWI4MGVkYmY0OTI0YzqAAn1xAVUKdGVzdGNvb2tp\nZXECVQZ3b3JrZWRxA3Mu\n','2013-06-12 05:58:43'),('1c4d5f6c8269e079ac59113db546c0b1','YWE5Y2JhMTcxNGEwMWIyODFmMDllNWJkYTY4NWI4MGVkYmY0OTI0YzqAAn1xAVUKdGVzdGNvb2tp\nZXECVQZ3b3JrZWRxA3Mu\n','2013-06-12 05:58:47'),('136dc9b5fb1a1fa6fda6423d18676bc3','YWE5Y2JhMTcxNGEwMWIyODFmMDllNWJkYTY4NWI4MGVkYmY0OTI0YzqAAn1xAVUKdGVzdGNvb2tp\nZXECVQZ3b3JrZWRxA3Mu\n','2013-06-12 05:58:47'),('b3fe64a0a4df41604fad5071546589d5','YWE5Y2JhMTcxNGEwMWIyODFmMDllNWJkYTY4NWI4MGVkYmY0OTI0YzqAAn1xAVUKdGVzdGNvb2tp\nZXECVQZ3b3JrZWRxA3Mu\n','2013-06-12 05:58:49'),('238c05ae66eda078095a7dc226f4c571','YWE5Y2JhMTcxNGEwMWIyODFmMDllNWJkYTY4NWI4MGVkYmY0OTI0YzqAAn1xAVUKdGVzdGNvb2tp\nZXECVQZ3b3JrZWRxA3Mu\n','2013-06-12 05:58:52'),('e3a9c2712165932874ba1dfaea163eca','YWE5Y2JhMTcxNGEwMWIyODFmMDllNWJkYTY4NWI4MGVkYmY0OTI0YzqAAn1xAVUKdGVzdGNvb2tp\nZXECVQZ3b3JrZWRxA3Mu\n','2013-06-12 05:58:54'),('7916f5f5cd875300accef1d5d5964718','YWE5Y2JhMTcxNGEwMWIyODFmMDllNWJkYTY4NWI4MGVkYmY0OTI0YzqAAn1xAVUKdGVzdGNvb2tp\nZXECVQZ3b3JrZWRxA3Mu\n','2013-06-13 03:05:52'),('5a8558e6d6a47bc9710aa08348ed1946','YWE5Y2JhMTcxNGEwMWIyODFmMDllNWJkYTY4NWI4MGVkYmY0OTI0YzqAAn1xAVUKdGVzdGNvb2tp\nZXECVQZ3b3JrZWRxA3Mu\n','2013-06-13 03:05:55'),('9b5d151f872bad427ef048081c1e6579','YWE5Y2JhMTcxNGEwMWIyODFmMDllNWJkYTY4NWI4MGVkYmY0OTI0YzqAAn1xAVUKdGVzdGNvb2tp\nZXECVQZ3b3JrZWRxA3Mu\n','2013-06-13 03:06:06'),('4820f55b79ca3674de0d738c877060fa','YWE5Y2JhMTcxNGEwMWIyODFmMDllNWJkYTY4NWI4MGVkYmY0OTI0YzqAAn1xAVUKdGVzdGNvb2tp\nZXECVQZ3b3JrZWRxA3Mu\n','2013-06-13 03:06:01'),('2cc4681f8f1743296941c9d7eba64c1a','ZjcxMWE2YmJkYTQxZmY1OTYxMjA2ZGRiZjY3YzUzOGFmMDI2YjkyZDqAAn1xAShVEl9hdXRoX3Vz\nZXJfYmFja2VuZHECVSlkamFuZ28uY29udHJpYi5hdXRoLmJhY2tlbmRzLk1vZGVsQmFja2VuZHED\nVQ1fYXV0aF91c2VyX2lkcQSKAQF1Lg==\n','2013-06-13 03:06:05'),('cf0baf97ca26ee1277e25e116346c0e3','YWE5Y2JhMTcxNGEwMWIyODFmMDllNWJkYTY4NWI4MGVkYmY0OTI0YzqAAn1xAVUKdGVzdGNvb2tp\nZXECVQZ3b3JrZWRxA3Mu\n','2013-06-13 03:06:09'),('dde7de86755d8adb190b3dad87c49a96','YWE5Y2JhMTcxNGEwMWIyODFmMDllNWJkYTY4NWI4MGVkYmY0OTI0YzqAAn1xAVUKdGVzdGNvb2tp\nZXECVQZ3b3JrZWRxA3Mu\n','2013-06-13 03:24:32'),('f8100409a21baa40ba7f51e8e85f23ca','YWE5Y2JhMTcxNGEwMWIyODFmMDllNWJkYTY4NWI4MGVkYmY0OTI0YzqAAn1xAVUKdGVzdGNvb2tp\nZXECVQZ3b3JrZWRxA3Mu\n','2013-06-13 03:24:35'),('513b067db6b40b01ac574b35691b8c98','YWE5Y2JhMTcxNGEwMWIyODFmMDllNWJkYTY4NWI4MGVkYmY0OTI0YzqAAn1xAVUKdGVzdGNvb2tp\nZXECVQZ3b3JrZWRxA3Mu\n','2013-06-13 03:24:37'),('8f39d164002c55589bb82667dafa3bd9','YWE5Y2JhMTcxNGEwMWIyODFmMDllNWJkYTY4NWI4MGVkYmY0OTI0YzqAAn1xAVUKdGVzdGNvb2tp\nZXECVQZ3b3JrZWRxA3Mu\n','2013-06-13 03:24:38'),('d54ac8782cb7ddb2d179e3c490fc811f','YWE5Y2JhMTcxNGEwMWIyODFmMDllNWJkYTY4NWI4MGVkYmY0OTI0YzqAAn1xAVUKdGVzdGNvb2tp\nZXECVQZ3b3JrZWRxA3Mu\n','2013-06-13 05:15:27');
/*!40000 ALTER TABLE `django_session` ENABLE KEYS */;
UNLOCK TABLES;

--
-- Table structure for table `log`
--

DROP TABLE IF EXISTS `log`;
/*!40101 SET @saved_cs_client     = @@character_set_client */;
/*!40101 SET character_set_client = utf8 */;
CREATE TABLE `log` (
  `id` int(11) NOT NULL AUTO_INCREMENT,
  `username` varchar(32) COLLATE utf8_unicode_ci NOT NULL,
  `start_time` timestamp NOT NULL DEFAULT CURRENT_TIMESTAMP,
  `end_time` timestamp NOT NULL DEFAULT '0000-00-00 00:00:00',
  `trusted_ip` varchar(64) COLLATE utf8_unicode_ci DEFAULT NULL,
  `trusted_port` int(10) DEFAULT NULL,
  `protocol` varchar(16) COLLATE utf8_unicode_ci DEFAULT NULL,
  `remote_ip` varchar(64) COLLATE utf8_unicode_ci DEFAULT NULL,
  `remote_netmask` varchar(64) COLLATE utf8_unicode_ci DEFAULT NULL,
  `bytes_received` bigint(20) DEFAULT '0',
  `bytes_sent` bigint(20) DEFAULT '0',
  `status` int(10) NOT NULL DEFAULT '1',
  `server_ip` varchar(64) COLLATE utf8_unicode_ci DEFAULT NULL,
  PRIMARY KEY (`id`),
  KEY `idx_username` (`username`)
) ENGINE=MyISAM AUTO_INCREMENT=287 DEFAULT CHARSET=utf8 COLLATE=utf8_unicode_ci;
/*!40101 SET character_set_client = @saved_cs_client */;

--
-- Dumping data for table `log`
--

LOCK TABLES `log` WRITE;
/*!40000 ALTER TABLE `log` DISABLE KEYS */;
INSERT INTO `log` VALUES (151,'gendo','2013-04-23 16:11:04','2013-04-23 16:12:21','125.70.220.62',0,'PPTP','172.18.1.10','0.0.0.0',66260,27900,0,'82.211.30.236'),(152,'gendo','2013-04-23 16:14:00','2013-04-23 16:33:40','125.70.220.62',0,'PPTP','172.18.1.10','0.0.0.0',7835405,36690566,0,'198.100.100.254'),(153,'gendo','2013-05-05 11:12:22','2013-05-05 11:14:50','182.139.109.163',0,'PPTP','172.18.1.10','0.0.0.0',106877,100465,0,'198.100.100.254'),(154,'gendo','2013-05-05 12:55:32','2013-05-05 12:58:08','182.139.109.163',0,'PPTP','172.18.1.10','0.0.0.0',89363,49321,0,'198.100.100.254'),(155,'gendo','2013-05-05 16:12:20','2013-05-05 16:13:34','182.139.109.163',0,'PPTP','172.18.1.10','0.0.0.0',64229,110710,0,'198.100.100.254'),(156,'gendo','2013-05-06 12:04:19','2013-05-06 12:07:40','175.152.116.13',0,'PPTP','172.18.1.10','0.0.0.0',69247,138684,0,'198.100.100.254'),(157,'gendo','2013-05-06 12:06:53','2013-05-06 12:11:16','175.152.116.13',0,'PPTP','172.18.1.10','0.0.0.0',380771,9555010,0,'198.100.100.253'),(158,'gendo','2013-05-06 12:10:23','2013-05-06 12:13:51','175.152.116.13',0,'PPTP','172.18.1.10','0.0.0.0',157695,3058904,0,'198.100.100.254'),(159,'gendo','2013-05-06 12:12:29','2013-05-06 12:15:57','175.152.116.13',0,'PPTP','172.18.1.10','0.0.0.0',261399,9668587,0,'198.100.100.253'),(160,'gendo','2013-05-06 12:15:02','2013-05-06 12:18:30','175.152.116.13',0,'PPTP','172.18.1.11','0.0.0.0',236871,9437059,0,'198.100.100.253'),(161,'gendo','2013-05-06 12:17:18','2013-05-06 12:18:25','175.152.116.13',0,'PPTP','172.18.1.10','0.0.0.0',29881,56431,0,'198.100.100.253'),(162,'gendo','2013-05-06 12:19:22','2013-05-06 12:29:20','175.152.116.13',0,'PPTP','172.18.1.10','0.0.0.0',384122,15215816,0,'198.100.100.253'),(163,'gendo','2013-05-06 14:43:35','2013-05-06 14:57:31','118.113.233.0',0,'PPTP','172.18.1.10','0.0.0.0',78492,154582,0,'198.100.100.253'),(164,'gendo','2013-05-06 14:49:18','2013-05-06 14:57:16','118.113.233.0',0,'PPTP','172.18.1.11','0.0.0.0',64405,104300,0,'198.100.100.253'),(165,'gendo','2013-05-06 14:58:18','2013-05-06 15:15:16','118.113.233.0',0,'PPTP','172.18.1.10','0.0.0.0',95137,262727,0,'198.100.100.253'),(166,'gendo','2013-05-06 15:06:43','2013-05-06 15:18:41','118.113.233.0',0,'PPTP','172.18.1.11','0.0.0.0',59561,167444,0,'198.100.100.253'),(167,'gendo','2013-05-06 15:24:57','2013-05-06 17:06:22','118.113.233.0',0,'PPTP','172.16.36.2','0.0.0.0',7997294,31232013,0,'199.230.109.204'),(168,'gendo','2013-05-06 17:10:19','2013-05-06 17:14:43','118.113.233.0',0,'PPTP','172.16.36.2','0.0.0.0',54364,86773,0,'199.230.109.204'),(169,'gendo','2013-05-07 03:47:04','2013-05-07 05:15:53','222.209.134.204',0,'PPTP','172.18.1.10','0.0.0.0',9327849,172156580,0,'198.100.100.253'),(170,'gendo','2013-05-07 05:55:51','2013-05-07 05:59:46','222.209.134.204',0,'PPTP','172.18.1.10','0.0.0.0',178485,353511,0,'198.100.100.254'),(171,'gendo','2013-05-07 06:09:55','2013-05-07 06:21:08','222.209.134.204',0,'PPTP','172.16.36.2','0.0.0.0',135965,148350,0,'199.230.109.204'),(172,'gendo','2013-05-07 06:26:25','2013-05-07 06:33:30','222.209.134.204',0,'PPTP','172.16.36.2','0.0.0.0',233837,40,0,'199.230.109.204'),(173,'gendo','2013-05-07 08:45:53','2013-05-07 08:50:13','175.152.118.129',0,'PPTP','172.18.1.10','0.0.0.0',157066,446915,0,'82.211.30.236'),(174,'gendo','2013-05-07 11:11:15','2013-05-07 11:56:49','175.152.118.129',0,'PPTP','172.18.1.10','0.0.0.0',2206264,10409755,0,'198.100.100.253'),(175,'gendo','2013-05-07 11:59:23','2013-05-07 12:08:18','175.152.118.129',0,'PPTP','172.18.1.10','0.0.0.0',356695,10336502,0,'198.100.100.254'),(176,'gendo','2013-05-07 12:06:27','2013-05-07 13:29:53','175.152.118.129',0,'PPTP','172.18.1.11','0.0.0.0',6248015,219426724,0,'198.100.100.254'),(177,'gendo','2013-05-08 16:28:47','2013-05-08 16:30:06','171.88.28.244',4662,'openvpn-udp','172.18.2.6','255.255.255.0',1600,3844,0,'82.211.30.236'),(178,'gendo','2013-05-08 16:30:10','2013-05-08 16:31:13','171.88.28.244',4666,'openvpn-udp','172.18.2.6','255.255.255.0',1704,5300,0,'82.211.30.236'),(179,'gendo','2013-05-08 16:31:18','2013-05-08 16:32:28','171.88.28.244',4685,'openvpn-udp','172.18.2.6','255.255.255.0',1956,6360,0,'82.211.30.236'),(180,'gendo','2013-05-08 16:32:32','2013-05-08 16:33:04','171.88.28.244',4688,'openvpn-udp','172.18.2.6','255.255.255.0',1600,3738,0,'82.211.30.236'),(181,'gendo','2013-05-08 16:33:08','2013-05-08 16:33:52','171.88.28.244',4689,'openvpn-udp','172.18.2.6','255.255.255.0',1600,3791,0,'82.211.30.236'),(182,'gendo','2013-05-08 16:33:56','2013-05-08 16:35:59','171.88.28.244',4694,'openvpn-udp','172.18.2.6','255.255.255.0',1956,6466,0,'82.211.30.236'),(183,'gendo','2013-05-08 16:50:57','2013-05-08 16:53:00','171.88.28.244',4762,'openvpn-udp','172.18.2.6','255.255.255.0',1748,4574,0,'82.211.30.236'),(184,'gendo','2013-05-08 16:54:28','2013-05-08 17:00:05','171.88.28.244',4788,'openvpn-udp','172.18.2.6','255.255.255.0',415097,4486471,0,'82.211.30.236'),(185,'gendo','2013-05-15 16:44:27','2013-05-15 16:46:31','171.217.135.235',5121,'openvpn-udp','172.18.2.6','255.255.255.0',1748,4574,0,'82.211.30.236'),(186,'gendo','2013-05-17 08:11:42','2013-05-17 09:21:53','175.152.118.241',0,'PPTP','172.18.1.10','0.0.0.0',2859905,43288711,0,'198.100.100.253'),(187,'gendo','2013-05-18 08:34:33','2013-05-18 08:46:45','222.212.234.116',6973,'openvpn-udp','172.18.2.6','255.255.255.0',446495,214681,0,'82.211.30.236'),(188,'gendo','2013-05-18 08:51:51','2013-05-18 08:58:27','222.212.234.116',7029,'openvpn-udp','172.18.2.6','255.255.255.0',556581,16413811,0,'198.100.100.253'),(189,'gendo','2013-05-18 09:06:25','2013-05-18 09:09:27','222.212.234.116',7147,'openvpn-udp','172.18.2.6','255.255.255.0',94107,1837544,0,'198.100.100.254'),(190,'gendo','2013-05-18 09:16:49','2013-05-18 09:17:37','222.212.234.116',7207,'openvpn-tcp-serv','172.18.3.6','255.255.255.0',33316,35076,0,'192.198.82.250'),(191,'gendo','2013-05-18 09:57:06','2013-05-18 10:01:19','222.212.234.116',8098,'openvpn-udp','172.18.2.6','255.255.255.0',45451,72899,0,'198.100.100.253'),(192,'gendo','2013-05-18 10:04:15','2013-05-18 10:17:21','222.212.234.116',8188,'openvpn-udp','172.18.2.6','255.255.255.0',923477,18831505,0,'198.100.100.254'),(193,'gendo','2013-05-18 10:17:21','2013-05-18 10:19:45','222.212.234.116',8211,'openvpn-udp','172.18.2.6','255.255.255.0',7830,10884,0,'198.100.100.254'),(194,'gendo','2013-05-18 10:26:34','2013-05-18 10:28:44','222.212.234.116',8250,'openvpn-udp','172.18.2.6','255.255.255.0',5454,8439,0,'198.100.100.254'),(195,'gendo','2013-05-18 10:30:30','2013-05-18 10:59:58','222.212.234.116',8267,'openvpn-udp','172.18.2.6','255.255.255.0',183160,572669,0,'198.100.100.254'),(196,'gendo','2013-05-18 11:09:39','2013-05-18 11:17:57','222.212.234.116',8310,'openvpn-udp','172.18.2.6','255.255.255.0',65322,168202,0,'198.100.100.253'),(197,'gendo','2013-05-18 11:28:29','2013-05-18 11:32:32','222.212.234.116',8349,'openvpn-udp','172.18.2.6','255.255.255.0',188181,1425551,0,'198.100.100.254'),(198,'gendo','2013-05-18 11:36:40','2013-05-18 11:40:23','222.212.234.116',8484,'openvpn-udp','172.18.2.6','255.255.255.0',81460,94974,0,'198.100.100.253'),(199,'gendo','2013-05-18 16:20:50','2013-05-18 16:25:51','222.212.234.116',11256,'openvpn-udp','172.18.2.6','255.255.255.0',199319,554810,0,'198.100.100.254'),(200,'gendo','2013-05-18 16:24:40','2013-05-18 16:28:38','222.212.234.116',11273,'openvpn-udp','172.18.2.6','255.255.255.0',14413,14393,0,'198.100.100.253'),(201,'gendo','2013-05-18 16:29:22','2013-05-18 16:32:48','222.212.234.116',11314,'openvpn-udp','172.18.2.6','255.255.255.0',13358,17672,0,'198.100.100.254'),(202,'gendo','2013-05-18 16:38:40','2013-05-18 16:41:27','222.212.234.116',11425,'openvpn-udp','172.18.2.6','255.255.255.0',31600,49529,0,'198.100.100.253'),(203,'gendo','2013-05-18 16:41:27','2013-05-18 16:43:07','222.212.234.116',11449,'openvpn-udp','172.18.2.6','255.255.255.0',4699,8412,0,'198.100.100.253'),(204,'gendo','2013-05-18 16:43:07','2013-05-18 16:46:24','222.212.234.116',11482,'openvpn-udp','172.18.2.6','255.255.255.0',17946,30453,0,'198.100.100.253'),(205,'gendo','2013-05-18 16:49:55','2013-05-18 16:53:34','222.212.234.116',11676,'openvpn-udp','172.18.2.6','255.255.255.0',42451,65034,0,'198.100.100.253'),(206,'gendo','2013-05-18 16:53:34','2013-05-18 16:55:34','222.212.234.116',11723,'openvpn-udp','172.18.2.6','255.255.255.0',1600,4027,0,'198.100.100.253'),(207,'gendo','2013-05-18 16:56:17','2013-05-18 16:59:43','222.212.234.116',11740,'openvpn-udp','172.18.2.6','255.255.255.0',86913,3414749,0,'198.100.100.254'),(208,'gendo','2013-05-18 16:58:09','2013-05-18 16:58:49','222.212.234.116',11776,'openvpn-tcp-serv','172.18.3.6','255.255.255.0',67470,134868,0,'198.100.100.253'),(209,'gendo','2013-05-21 02:44:26','2013-05-21 02:49:26','175.152.118.241',0,'PPTP','172.16.36.2','0.0.0.0',191002,388877,0,'199.230.109.204'),(210,'gendo','2013-05-21 02:57:15','2013-05-21 06:05:42','175.152.118.241',56561,'openvpn-udp','172.18.2.6','255.255.255.0',7388352,63883244,0,'198.100.100.254'),(211,'gendo','2013-05-21 06:26:38','2013-05-21 06:28:49','175.152.118.241',50073,'openvpn-udp','172.18.2.6','255.255.255.0',8178,7818,0,'198.100.100.254'),(212,'gendo','2013-05-21 06:29:41','2013-05-21 06:31:49','175.152.118.241',51446,'openvpn-udp','172.18.2.6','255.255.255.0',21901,32216,0,'198.100.100.254'),(213,'zhaols','2013-05-22 04:36:53','2013-05-22 04:37:50','175.152.118.241',0,'PPTP','172.16.36.2','0.0.0.0',355711,4883295,0,'199.230.109.204'),(214,'zhaols','2013-05-22 04:44:53','2013-05-22 04:45:54','111.122.103.203',0,'PPTP','172.18.1.10','0.0.0.0',26042,25256,0,'198.100.100.253'),(215,'zhaols','2013-05-22 04:46:06','2013-05-22 04:46:56','111.122.103.203',0,'PPTP','172.18.1.10','0.0.0.0',22874,15822,0,'198.100.100.253'),(216,'zhaols','2013-05-22 05:54:51','2013-05-22 05:59:59','111.122.103.203',0,'PPTP','172.18.1.10','0.0.0.0',698073,3648801,0,'198.100.100.253'),(217,'zhaols','2013-05-24 13:10:40','2013-05-24 13:39:15','111.122.109.232',0,'PPTP','172.18.1.10','0.0.0.0',2224579,8742106,0,'198.100.100.253'),(218,'gendo','2013-05-25 09:29:17','2013-05-25 09:30:31','119.0.158.201',0,'PPTP','172.18.1.10','0.0.0.0',44961,133997,0,'198.100.100.253'),(219,'gendo','2013-05-25 09:32:34','2013-05-25 09:46:32','119.0.158.201',0,'PPTP','172.18.1.10','0.0.0.0',322236,1641754,0,'198.100.100.253'),(220,'zhaols','2013-05-25 09:42:02','2013-05-25 10:17:41','119.0.158.201',0,'PPTP','172.18.1.11','0.0.0.0',1258667,19108100,0,'198.100.100.253'),(221,'zhaols','2013-05-25 11:02:14','2013-05-25 12:42:02','119.0.158.201',0,'PPTP','172.18.1.10','0.0.0.0',1148519,21860881,0,'198.100.100.253'),(222,'zhaols','2013-05-25 13:49:56','2013-05-25 15:55:03','119.0.158.201',0,'PPTP','172.18.1.10','0.0.0.0',9817692,382324894,0,'198.100.100.253'),(223,'zhaols','2013-05-26 00:54:28','2013-05-26 01:06:05','222.86.145.35',0,'PPTP','172.18.1.10','0.0.0.0',266156,1946143,0,'198.100.100.253'),(224,'zhaols','2013-05-26 03:26:47','2013-05-26 05:30:38','222.86.145.35',0,'PPTP','172.16.36.2','0.0.0.0',7766794,180452249,0,'199.230.109.204'),(225,'zhaols','2013-05-26 11:27:02','2013-05-26 11:45:28','111.122.99.94',0,'PPTP','172.18.1.10','0.0.0.0',2183592,23546638,0,'198.100.100.253'),(226,'zhaols','2013-05-26 11:57:00','2013-05-26 12:26:45','111.122.99.94',0,'PPTP','172.18.1.10','0.0.0.0',1677335,48943293,0,'198.100.100.253'),(227,'zhaols','2013-05-26 13:13:10','2013-05-26 16:03:57','111.122.99.94',0,'PPTP','172.18.1.10','0.0.0.0',14307796,393542204,0,'198.100.100.253'),(228,'gendo','2013-05-27 02:47:08','2013-05-27 03:07:04','125.71.238.209',0,'PPTP','172.18.1.10','0.0.0.0',94043,830896,0,'198.100.100.253'),(229,'gendo','2013-05-27 02:56:39','2013-05-27 03:05:35','125.71.238.209',1544,'openvpn-udp','172.18.2.6','255.255.255.0',116868,240728,0,'198.100.100.253'),(230,'gendo','2013-05-27 03:05:35','2013-05-27 03:07:39','125.71.238.209',1545,'openvpn-udp','172.18.2.6','255.255.255.0',10896,18145,0,'198.100.100.253'),(231,'gendo','2013-05-27 03:07:39','2013-05-27 03:09:43','125.71.238.209',1546,'openvpn-udp','172.18.2.6','255.255.255.0',1847,6599,0,'198.100.100.253'),(232,'gendo','2013-05-27 03:08:10','2013-05-27 03:50:50','125.71.238.209',1560,'openvpn-udp','172.18.2.6','255.255.255.0',1834637,12850288,0,'198.100.100.254'),(233,'gendo','2013-05-27 05:50:09','2013-05-27 06:02:04','220.172.127.143',0,'PPTP','172.18.1.10','0.0.0.0',96735,1228147,0,'198.100.100.253'),(234,'gendo','2013-05-27 10:00:23','2013-05-27 10:11:13','125.71.238.209',1858,'openvpn-udp','172.18.2.6','255.255.255.0',395565,2156535,0,'198.100.100.253'),(235,'gendo','2013-05-27 10:50:10','2013-05-27 14:19:08','220.172.144.214',0,'PPTP','172.18.1.10','0.0.0.0',9333053,294761954,0,'198.100.100.253'),(236,'gendo','2013-05-27 15:50:19','2013-05-27 16:02:17','182.139.105.173',0,'PPTP','172.18.1.10','0.0.0.0',291940,4345673,0,'198.100.100.253'),(237,'gendo','2013-05-27 15:53:21','2013-05-27 16:03:58','182.139.105.173',3274,'openvpn-udp','172.18.2.6','255.255.255.0',627799,4957530,0,'198.100.100.253'),(238,'gendo','2013-05-27 23:19:42','2013-05-27 23:31:39','119.1.165.167',0,'PPTP','172.18.1.10','0.0.0.0',270887,2024587,0,'198.100.100.253'),(239,'gendo','2013-05-28 05:02:23','2013-05-28 05:04:26','175.152.118.160',65355,'openvpn-udp','172.18.2.6','255.255.255.0',1748,4574,0,'198.100.100.254'),(240,'gendo','2013-05-28 05:06:14','2013-05-28 05:08:17','175.152.118.160',51244,'openvpn-udp','172.18.2.6','255.255.255.0',1748,4574,0,'198.100.100.253'),(241,'gendo','2013-05-28 05:07:25','2013-05-28 05:07:27','175.152.118.160',16185,'openvpn-tcp-serv','172.18.3.6','255.255.255.0',1632,4117,0,'198.100.100.254'),(242,'gendo','2013-05-28 05:12:45','2013-05-28 05:14:50','175.152.118.160',49435,'openvpn-udp','172.18.2.6','255.255.255.0',5213,4333,0,'198.100.100.254'),(243,'gendo','2013-05-28 07:15:59','2013-05-28 07:28:41','58.16.34.162',0,'PPTP','172.16.36.2','0.0.0.0',816143,2846769,0,'199.230.109.204'),(244,'zhaols','2013-05-28 07:46:53','2013-05-28 08:05:51','175.152.118.160',0,'PPTP','172.18.1.10','0.0.0.0',126065,710993,0,'198.100.100.253'),(245,'zhang','2013-05-28 08:48:02','2013-05-28 08:49:14','112.193.147.55',0,'PPTP','172.18.1.10','0.0.0.0',53608,71938,0,'198.100.100.254'),(246,'zhang','2013-05-28 09:15:13','2013-05-28 09:16:06','112.193.147.55',0,'PPTP','172.18.1.10','0.0.0.0',71247,96374,0,'192.198.82.250'),(247,'zhang','2013-05-28 09:17:16','2013-05-28 11:20:29','112.193.147.55',0,'PPTP','172.16.36.2','0.0.0.0',7427024,268557959,0,'199.230.109.204'),(248,'zhaols','2013-05-28 13:27:52','2013-05-28 15:06:51','111.122.106.177',0,'PPTP','172.18.1.10','0.0.0.0',6804212,283757025,0,'198.100.100.253'),(249,'gendo','2013-05-28 13:42:11','2013-05-28 14:29:26','171.213.9.212',3465,'openvpn-udp','172.18.2.6','255.255.255.0',2669124,33313256,0,'198.100.100.253'),(250,'gendo','2013-05-28 14:41:03','2013-05-28 14:43:06','171.213.9.212',3616,'openvpn-udp','172.18.2.6','255.255.255.0',1769,4280,0,'198.100.100.254'),(251,'gendo','2013-05-28 14:45:06','2013-05-28 14:50:55','171.213.9.212',3641,'openvpn-udp','172.18.2.6','255.255.255.0',70237,116326,0,'198.100.100.254'),(252,'gendo','2013-05-28 14:59:19','2013-05-28 14:59:48','171.213.9.212',0,'PPTP','172.18.1.10','0.0.0.0',17394,28679,0,'198.100.100.254'),(253,'gendo','2013-05-28 15:00:48','2013-05-28 15:02:06','171.213.9.212',4015,'openvpn-udp','172.18.2.6','255.255.255.0',10934,15960,0,'198.100.100.254'),(254,'gendo','2013-05-28 15:02:06','2013-05-28 15:03:14','171.213.9.212',4019,'openvpn-udp','172.18.2.6','255.255.255.0',1704,6140,0,'198.100.100.254'),(255,'gendo','2013-05-28 15:03:14','2013-05-28 15:05:28','171.213.9.212',4039,'openvpn-udp','172.18.2.6','255.255.255.0',6590,7822,0,'198.100.100.254'),(256,'gendo','2013-05-28 15:12:10','2013-05-28 15:13:04','171.213.9.212',4077,'openvpn-udp','172.18.2.6','255.255.255.0',1600,4019,0,'198.100.100.253'),(257,'gendo','2013-05-28 15:13:04','2013-05-28 15:14:36','171.213.9.212',4084,'openvpn-udp','172.18.2.6','255.255.255.0',1600,4011,0,'198.100.100.253'),(258,'gendo','2013-05-28 15:14:36','2013-05-28 15:16:50','171.213.9.212',4095,'openvpn-udp','172.18.2.6','255.255.255.0',3080,6596,0,'198.100.100.253'),(259,'gendo','2013-05-28 15:17:47','2013-05-28 15:28:49','171.213.9.212',4119,'openvpn-udp','172.18.2.6','255.255.255.0',715829,2570019,0,'198.100.100.253'),(260,'gendo','2013-05-28 15:28:49','2013-05-28 15:37:40','171.213.9.212',4134,'openvpn-udp','172.18.2.6','255.255.255.0',138122,366810,0,'198.100.100.253'),(261,'gendo','2013-05-28 15:36:17','2013-05-28 15:38:20','171.213.9.212',4198,'openvpn-udp','172.18.2.6','255.255.255.0',1770,4280,0,'198.100.100.254'),(262,'gendo','2013-05-28 15:39:17','2013-05-28 15:41:33','171.213.9.212',4259,'openvpn-udp','172.18.2.6','255.255.255.0',6751,8529,0,'198.100.100.253'),(263,'gendo','2013-05-28 15:40:24','2013-05-28 15:41:17','171.213.9.212',4276,'openvpn-tcp-serv','172.18.3.6','255.255.255.0',15018,15766,0,'198.100.100.254'),(264,'gendo','2013-05-28 15:43:16','2013-05-28 15:44:43','171.213.9.212',4302,'openvpn-tcp-serv','172.18.3.6','255.255.255.0',10091,15688,0,'192.198.82.250'),(265,'gendo','2013-05-28 15:44:45','2013-05-28 15:45:30','171.213.9.212',4309,'openvpn-tcp-serv','172.18.3.6','255.255.255.0',33942,58684,0,'192.198.82.250'),(266,'zhang','2013-05-29 02:10:01','2013-05-29 02:11:08','58.16.34.162',0,'PPTP','172.18.1.10','0.0.0.0',239781,1099498,0,'198.100.100.254'),(267,'zhaols','2013-05-29 13:22:35','2013-05-29 15:09:20','111.122.106.89',0,'PPTP','172.18.1.10','0.0.0.0',5813915,185763761,0,'198.100.100.253'),(268,'zhaols','2013-05-30 10:56:37','2013-05-30 11:12:06','111.122.99.202',0,'PPTP','172.18.1.10','0.0.0.0',7300866,51846087,0,'198.100.100.254'),(269,'zhaols','2013-05-30 11:23:00','2013-05-30 12:27:21','111.122.99.202',0,'PPTP','172.18.1.10','0.0.0.0',5227036,180376177,0,'198.100.100.254'),(270,'ChinaDream','2013-05-30 11:51:20','2013-05-30 12:34:58','175.152.118.4',0,'PPTP','172.18.1.11','0.0.0.0',4673853,19866715,0,'198.100.100.254'),(271,'zhaols','2013-05-30 12:31:42','2013-05-30 12:32:21','111.122.99.202',0,'PPTP','172.18.1.10','0.0.0.0',22147,18795,0,'198.100.100.254'),(272,'ChinaDream','2013-05-30 13:23:18','2013-05-30 13:56:15','175.152.118.4',0,'PPTP','172.18.1.10','0.0.0.0',2334548,16170662,0,'198.100.100.253'),(273,'ChinaDream','2013-05-31 10:08:01','2013-05-31 10:39:18','175.152.118.4',0,'PPTP','172.18.1.10','0.0.0.0',1973973,7886678,0,'198.100.100.254'),(274,'zhaols','2013-05-31 10:13:41','2013-05-31 11:04:04','111.122.98.7',0,'PPTP','172.18.1.11','0.0.0.0',3612330,136512398,0,'198.100.100.254'),(275,'zhaols','2013-05-31 11:19:18','2013-05-31 11:22:31','111.122.98.7',0,'PPTP','172.18.1.10','0.0.0.0',35707,320837,0,'198.100.100.253'),(276,'zhaols','2013-06-01 03:01:41','2013-06-01 03:23:46','111.122.103.81',0,'PPTP','172.18.1.10','0.0.0.0',4460073,48917666,0,'198.100.100.253'),(277,'ChinaDream','2013-06-01 16:10:13','2013-06-01 16:10:25','171.217.46.47',0,'PPTP','172.18.1.10','0.0.0.0',99655,10875,0,'198.100.100.253'),(278,'ChinaDream','2013-06-01 16:13:51','2013-06-01 16:15:53','171.217.46.47',12641,'openvpn-udp','172.18.2.10','255.255.255.0',1770,4280,0,'198.100.100.253'),(279,'ChinaDream','2013-06-01 16:33:34','2013-06-01 16:33:39','171.217.46.47',0,'PPTP','172.18.1.10','0.0.0.0',37708,4882,0,'198.100.100.253'),(280,'ChinaDream','2013-06-03 08:03:43','2013-06-03 09:24:06','175.152.118.104',0,'PPTP','172.16.36.2','0.0.0.0',17140537,58164440,0,'199.230.109.204'),(281,'ChinaDream','2013-06-03 10:26:44','2013-06-03 13:52:09','175.152.118.104',0,'PPTP','172.16.36.2','0.0.0.0',4106442,18472191,0,'199.230.109.204'),(282,'ChinaDream','2013-06-03 13:22:33','2013-06-03 13:50:54','175.152.118.104',0,'PPTP','172.18.1.10','0.0.0.0',1202854,12460400,0,'198.100.100.253'),(283,'gendo','2013-06-03 15:28:23','2013-06-03 17:12:35','125.71.43.75',0,'PPTP','172.16.36.2','0.0.0.0',546471,3965048,0,'199.230.109.204'),(284,'gendo','2013-06-03 15:34:45','2013-06-03 17:09:35','125.71.43.75',0,'PPTP','172.16.36.3','0.0.0.0',13537752,567172715,0,'199.230.109.204'),(285,'gendo','2013-06-04 04:20:19','2013-06-04 04:31:58','175.152.118.104',0,'PPTP','172.18.1.10','0.0.0.0',51502,96218,0,'198.100.100.253'),(286,'gendo','2013-06-04 04:26:03','0000-00-00 00:00:00','175.152.118.104',0,'PPTP','172.18.1.11','0.0.0.0',0,0,0,'198.100.100.253');
/*!40000 ALTER TABLE `log` ENABLE KEYS */;
UNLOCK TABLES;

--
-- Table structure for table `online`
--

DROP TABLE IF EXISTS `online`;
/*!40101 SET @saved_cs_client     = @@character_set_client */;
/*!40101 SET character_set_client = utf8 */;
CREATE TABLE `online` (
  `id` int(11) NOT NULL AUTO_INCREMENT,
  `username` char(32) COLLATE utf8_unicode_ci NOT NULL,
  `start_time` timestamp NOT NULL DEFAULT CURRENT_TIMESTAMP,
  `trusted_ip` varchar(64) COLLATE utf8_unicode_ci DEFAULT NULL,
  `trusted_port` int(10) DEFAULT NULL,
  `protocol` varchar(16) COLLATE utf8_unicode_ci DEFAULT NULL,
  `remote_ip` varchar(64) COLLATE utf8_unicode_ci DEFAULT NULL,
  `remote_netmask` varchar(64) COLLATE utf8_unicode_ci DEFAULT NULL,
  `server_ip` varchar(64) COLLATE utf8_unicode_ci DEFAULT NULL,
  PRIMARY KEY (`id`),
  KEY `idx_user` (`username`)
) ENGINE=MyISAM AUTO_INCREMENT=280 DEFAULT CHARSET=utf8 COLLATE=utf8_unicode_ci;
/*!40101 SET character_set_client = @saved_cs_client */;

--
-- Dumping data for table `online`
--

LOCK TABLES `online` WRITE;
/*!40000 ALTER TABLE `online` DISABLE KEYS */;
/*!40000 ALTER TABLE `online` ENABLE KEYS */;
UNLOCK TABLES;

--
-- Table structure for table `server`
--

DROP TABLE IF EXISTS `server`;
/*!40101 SET @saved_cs_client     = @@character_set_client */;
/*!40101 SET character_set_client = utf8 */;
CREATE TABLE `server` (
  `id` int(11) NOT NULL AUTO_INCREMENT,
  `ip` varchar(32) COLLATE utf8_unicode_ci DEFAULT '',
  `name` varchar(32) COLLATE utf8_unicode_ci DEFAULT '',
  `info` varchar(32) COLLATE utf8_unicode_ci DEFAULT '',
  `protocol` int(10) NOT NULL DEFAULT '5',
  `latency` int(10) NOT NULL DEFAULT '0',
  `cur_user` int(10) unsigned NOT NULL DEFAULT '0',
  `max_user` int(10) unsigned NOT NULL DEFAULT '50',
  `state` int(10) NOT NULL DEFAULT '0',
  `ssl_port` varchar(128) COLLATE utf8_unicode_ci NOT NULL DEFAULT 'tcp=443,udp=443',
  PRIMARY KEY (`id`)
) ENGINE=MyISAM AUTO_INCREMENT=6 DEFAULT CHARSET=utf8 COLLATE=utf8_unicode_ci;
/*!40101 SET character_set_client = @saved_cs_client */;

--
-- Dumping data for table `server`
--

LOCK TABLES `server` WRITE;
/*!40000 ALTER TABLE `server` DISABLE KEYS */;
INSERT INTO `server` VALUES (1,'198.100.100.253',',VIP1','T2,1G',15,0,1,50,0,'tcp=449,tcp=8080,udp=449,udp=8080'),(2,'198.100.100.254',',VIP2','T2,1G',15,0,0,50,0,'tcp=449,tcp=8080,udp=449,udp=8080'),(3,'199.230.109.204',',VIP3','T1, ',15,0,0,50,0,'tcp=449,tcp=8080,udp=449,udp=8080'),(4,'82.211.30.236',',4',',1G',13,0,0,50,0,'tcp=443,tcp=8080,udp=443,udp=8080'),(5,'192.198.82.250',',VIP5',',100M',13,0,0,50,0,'tcp=449,tcp=8080,udp=449,udp=8080');
/*!40000 ALTER TABLE `server` ENABLE KEYS */;
UNLOCK TABLES;

--
-- Table structure for table `user`
--

DROP TABLE IF EXISTS `user`;
/*!40101 SET @saved_cs_client     = @@character_set_client */;
/*!40101 SET character_set_client = utf8 */;
CREATE TABLE `user` (
  `id` int(11) NOT NULL AUTO_INCREMENT,
  `username` char(32) COLLATE utf8_unicode_ci NOT NULL,
  `password` char(128) COLLATE utf8_unicode_ci DEFAULT NULL,
  `active` int(10) NOT NULL DEFAULT '1',
  `creation` timestamp NOT NULL DEFAULT CURRENT_TIMESTAMP,
  `name` varchar(32) COLLATE utf8_unicode_ci NOT NULL,
  `email` varchar(128) COLLATE utf8_unicode_ci NOT NULL DEFAULT '',
  `note` varchar(256) COLLATE utf8_unicode_ci NOT NULL DEFAULT '',
  `quota_cycle` int(10) NOT NULL DEFAULT '30',
  `quota_bytes` bigint(20) NOT NULL DEFAULT '10737418240',
  `quota_used` bigint(20) NOT NULL DEFAULT '0',
  `quota_name` varchar(128) COLLATE utf8_unicode_ci DEFAULT '',
  `quota_expire` timestamp NOT NULL DEFAULT '0000-00-00 00:00:00',
  `history_bytes` bigint(20) DEFAULT '0',
  `enabled` int(10) NOT NULL DEFAULT '1',
  `level` int(11) NOT NULL DEFAULT '0',
  PRIMARY KEY (`id`),
  KEY `idx_user` (`username`),
  KEY `idx_name` (`name`)
) ENGINE=MyISAM AUTO_INCREMENT=6 DEFAULT CHARSET=utf8 COLLATE=utf8_unicode_ci;
/*!40101 SET character_set_client = @saved_cs_client */;

--
-- Dumping data for table `user`
--

LOCK TABLES `user` WRITE;
/*!40000 ALTER TABLE `user` DISABLE KEYS */;
INSERT INTO `user` VALUES (2,'gendo','123qweasdzxc',1,'2013-02-28 14:24:55','','','',30,10737418240,585369706,'15,','2019-12-31 16:00:00',2212212412,1,1),(3,'zhaols','123123',1,'2013-05-21 13:16:02','Dr.','laoshi@163.com','AAAA',30,10737418240,53377739,'VIP','2019-12-31 16:00:00',2052419602,1,1),(4,'zhang','123456',1,'2013-05-28 08:18:47','','zhang@163.com','',30,10737418240,0,'VIP','2019-12-31 16:00:00',277617429,1,1),(5,'ChinaDream','12345678',1,'2013-05-28 16:06:46','','chinadream@haha.com','Nobody knows',30,5368709120,111589454,'5G50','2019-12-31 16:00:00',164612463,1,0);
/*!40000 ALTER TABLE `user` ENABLE KEYS */;
UNLOCK TABLES;
/*!40103 SET TIME_ZONE=@OLD_TIME_ZONE */;

/*!40101 SET SQL_MODE=@OLD_SQL_MODE */;
/*!40014 SET FOREIGN_KEY_CHECKS=@OLD_FOREIGN_KEY_CHECKS */;
/*!40014 SET UNIQUE_CHECKS=@OLD_UNIQUE_CHECKS */;
/*!40101 SET CHARACTER_SET_CLIENT=@OLD_CHARACTER_SET_CLIENT */;
/*!40101 SET CHARACTER_SET_RESULTS=@OLD_CHARACTER_SET_RESULTS */;
/*!40101 SET COLLATION_CONNECTION=@OLD_COLLATION_CONNECTION */;
/*!40111 SET SQL_NOTES=@OLD_SQL_NOTES */;

-- Dump completed on 2013-06-04 12:37:50
