<?xml version="1.0" encoding="utf-8" standalone="yes" ?>
<Window size="480,300" caption="0,0,0,131">
    <Font name="宋体" size="12" bold="false" italic="false" />

    <VerticalLayout width="480" height="300" bkimage="update-bg.png">
      <HorizontalLayout height="32" inset="2,2,2,0">
        <Button width="38" height="38" maxheight="32" maxwidth="32" textcolor="#FF000000" disabledtextcolor="#FFA7A6AA" align="center" normalimage="file=&apos;gendo-trit.png&apos; dest=&apos;3,3,30,30&apos;" />
        <Label name="update-title" text="跟斗云升级" float="true" pos="200,5,0,0" width="80" height="40" textcolor="#00FFFFFF" disabledtextcolor="#FFA7A6AA" font="0" size="20"/>
        <Control />
      </HorizontalLayout>

      <Label name="update-notice" text="正在检测更新，请稍后"  float="true" pos="180,80,0,0"  width="150" height="30" textcolor="#00FFFFFF" disabledtextcolor="#FFA7A6AA" font="0" />
      <Progress name="progress" float="true" pos="70,110,0,0" width="330" height="22" textcolor="#FF000000" disabledtextcolor="#FFA7A6AA" align="center" foreimage="updateProcess.png" min="0" max="232" value="0" hor="true" isstretchfore="false" />
      <Label name="update-space" text=""  float="true" pos="100,130,0,0"  width="50" height="30" textcolor="#00FFFFFF" disabledtextcolor="#FFA7A6AA" font="0" />
      <Label name="update-item"  text="" float="true" pos="160,130,0,0"  width="60" height="30" textcolor="#00FFFFFF" disabledtextcolor="#FFA7A6AA" font="0" />
      <Label name="update-speed" text=""   float="true" pos="240,130,0,0" width="150" height="30" textcolor="#00FFFFFF" disabledtextcolor="#FFA7A6AA" font="0" />
      <Label name="update-ratio" text=""   float="true" pos="300,130,0,0" width="10" height="60" textcolor="#00FFFFFF" disabledtextcolor="#FFA7A6AA" font="0" />
      <Label name="update-notice" text=""  float="true" pos="70,160,0,0" width="100" height="20" textcolor="#00FFFFFF" disabledtextcolor="#FFA7A6AA" font="0" />
      <Label name="update-msg1"   text=""   float="true" pos="100,180,0,0" width="200" height="20" textcolor="#00FFFFFF" disabledtextcolor="#FFA7A6AA" font="0" />
      <Label name="update-msg2"   text=""   float="true" pos="100,200,0,0" width="200" height="20" textcolor="#00FFFFFF" disabledtextcolor="#FFA7A6AA" font="0" />
      <Label name="update-msg3"   text=""   float="true" pos="100,220,0,0" width="200" height="20" textcolor="#00FFFFFF" disabledtextcolor="#FFA7A6AA" font="0" />
      <Label name="update-msg4"   text=""   float="true" pos="100,240,0,0" width="200" height="20" textcolor="#00FFFFFF" disabledtextcolor="#FFA7A6AA" font="0" />
      <Label name="update-msg5"   text=""   float="true" pos="100,260,0,0" width="200" height="20" textcolor="#00FFFFFF" disabledtextcolor="#FFA7A6AA" font="0" />
      <!-- Edit  name="update-msg"   text=""  bkimage="update-bg.png" float="true" pos="120,160,0,0" width="160" height="100" textcolor="#00FFFFFF" disabledtextcolor="#FFA7A6AA" font="0" / -->
    </VerticalLayout>
</Window>
